N,sigma,epsilon,rep,method,epsilon_gamma,epsilon_beta,epsilon_rho,delta,beta_true_00,beta_true_01,beta_true_11,beta_est_00,beta_est_01,beta_est_11
100,0.5,75.26107361311833,0,edge_flip_vem,,,,1e-05,0.2,0.02,0.2,0.20326530933380127,0.01720000058412552,0.2179591804742813
100,0.5,75.26107361311833,0,sbm_dpsgd_all_noised,70.77218472422943,12.423129399151788,1.0338953100711687,1e-05,0.2,0.02,0.2,0.1523297280073166,0.12500788271427155,0.18868647515773773
100,0.5,75.26107361311833,1,edge_flip_vem,,,,1e-05,0.2,0.02,0.2,0.2008163332939148,0.026399999856948853,0.19428572058677673
100,0.5,75.26107361311833,1,sbm_dpsgd_all_noised,70.77218472422943,12.423129399151788,1.0338953100711687,1e-05,0.2,0.02,0.2,0.14766018092632294,0.12053651362657547,0.1958434283733368
100,0.5,75.26107361311833,2,edge_flip_vem,,,,1e-05,0.2,0.02,0.2,0.21306122839450836,0.01640000008046627,0.2024489790201187
100,0.5,75.26107361311833,2,sbm_dpsgd_all_noised,70.77218472422943,12.423129399151788,1.0338953100711687,1e-05,0.2,0.02,0.2,0.22687533497810364,0.038520447909832,0.2156388759613037
100,0.5,75.26107361311833,3,edge_flip_vem,,,,1e-05,0.2,0.02,0.2,0.1921568661928177,0.023209283128380775,0.22959183156490326
100,0.5,75.26107361311833,3,sbm_dpsgd_all_noised,70.77218472422943,12.423129399151788,1.0338953100711687,1e-05,0.2,0.02,0.2,0.23295745253562927,0.0996851697564125,0.16501761972904205
100,0.5,75.26107361311833,4,edge_flip_vem,,,,1e-05,0.2,0.02,0.2,0.20571428537368774,0.018799999728798866,0.1893877536058426
100,0.5,75.26107361311833,4,sbm_dpsgd_all_noised,70.77218472422943,12.423129399151788,1.0338953100711687,1e-05,0.2,0.02,0.2,0.18006128072738647,0.05022004246711731,0.2343679815530777
100,0.5,75.26107361311833,5,edge_flip_vem,,,,1e-05,0.2,0.02,0.2,0.19020408391952515,0.018799999728798866,0.1951020359992981
100,0.5,75.26107361311833,5,sbm_dpsgd_all_noised,70.77218472422943,12.423129399151788,1.0338953100711687,1e-05,0.2,0.02,0.2,0.18390358984470367,0.06655160337686539,0.20748941600322723
100,0.5,75.26107361311833,6,edge_flip_vem,,,,1e-05,0.2,0.02,0.2,0.06949152797460556,0.10916666686534882,0.2064102590084076
100,0.5,75.26107361311833,6,sbm_dpsgd_all_noised,70.77218472422943,12.423129399151788,1.0338953100711687,1e-05,0.2,0.02,0.2,0.2198120504617691,0.05961032211780548,0.20750346779823303
100,0.5,75.26107361311833,7,edge_flip_vem,,,,1e-05,0.2,0.02,0.2,0.1967346966266632,0.018799999728798866,0.21551020443439484
100,0.5,75.26107361311833,7,sbm_dpsgd_all_noised,70.77218472422943,12.423129399151788,1.0338953100711687,1e-05,0.2,0.02,0.2,0.1992681324481964,0.08736003935337067,0.198067307472229
100,0.5,75.26107361311833,8,edge_flip_vem,,,,1e-05,0.2,0.02,0.2,0.10626262426376343,0.0,0.0
100,0.5,75.26107361311833,8,sbm_dpsgd_all_noised,70.77218472422943,12.423129399151788,1.0338953100711687,1e-05,0.2,0.02,0.2,0.16255636513233185,0.12331129610538483,0.1835835725069046
100,0.5,75.26107361311833,9,edge_flip_vem,,,,1e-05,0.2,0.02,0.2,0.20000000298023224,0.018400000408291817,0.20979592204093933
100,0.5,75.26107361311833,9,sbm_dpsgd_all_noised,70.77218472422943,12.423129399151788,1.0338953100711687,1e-05,0.2,0.02,0.2,0.24698925018310547,0.05044176056981087,0.19815929234027863
100,0.5,75.26107361311833,10,edge_flip_vem,,,,1e-05,0.2,0.02,0.2,0.1951020359992981,0.01759999990463257,0.20000000298023224
100,0.5,75.26107361311833,10,sbm_dpsgd_all_noised,70.77218472422943,12.423129399151788,1.0338953100711687,1e-05,0.2,0.02,0.2,0.16142965853214264,0.12444507330656052,0.16288617253303528
100,0.5,75.26107361311833,11,edge_flip_vem,,,,1e-05,0.2,0.02,0.2,0.0,0.0,0.11252525448799133
100,0.5,75.26107361311833,11,sbm_dpsgd_all_noised,70.77218472422943,12.423129399151788,1.0338953100711687,1e-05,0.2,0.02,0.2,0.1873445361852646,0.0890606939792633,0.20429542660713196
100,0.5,75.26107361311833,12,edge_flip_vem,,,,1e-05,0.2,0.02,0.2,0.18448980152606964,0.018799999728798866,0.19755102694034576
100,0.5,75.26107361311833,12,sbm_dpsgd_all_noised,70.77218472422943,12.423129399151788,1.0338953100711687,1e-05,0.2,0.02,0.2,0.19570374488830566,0.06557553261518478,0.20678642392158508
100,0.5,75.26107361311833,13,edge_flip_vem,,,,1e-05,0.2,0.02,0.2,0.21877551078796387,0.02319999970495701,0.1893877536058426
100,0.5,75.26107361311833,13,sbm_dpsgd_all_noised,70.77218472422943,12.423129399151788,1.0338953100711687,1e-05,0.2,0.02,0.2,0.22008191049098969,0.0567675456404686,0.2144772708415985
100,0.5,75.26107361311833,14,edge_flip_vem,,,,1e-05,0.2,0.02,0.2,0.20816326141357422,0.02199999988079071,0.17877550423145294
100,0.5,75.26107361311833,14,sbm_dpsgd_all_noised,70.77218472422943,12.423129399151788,1.0338953100711687,1e-05,0.2,0.02,0.2,0.2215176224708557,0.0683194249868393,0.20303598046302795
100,0.5,75.26107361311833,15,edge_flip_vem,,,,1e-05,0.2,0.02,0.2,0.19183672964572906,0.01759999990463257,0.19428572058677673
100,0.5,75.26107361311833,15,sbm_dpsgd_all_noised,70.77218472422943,12.423129399151788,1.0338953100711687,1e-05,0.2,0.02,0.2,0.2054651379585266,0.11515488475561142,0.1465873420238495
100,0.5,75.26107361311833,16,edge_flip_vem,,,,1e-05,0.2,0.02,0.2,0.19265305995941162,0.021199999377131462,0.19346939027309418
100,0.5,75.26107361311833,16,sbm_dpsgd_all_noised,70.77218472422943,12.423129399151788,1.0338953100711687,1e-05,0.2,0.02,0.2,0.17405085265636444,0.09732460230588913,0.20039153099060059
100,0.5,75.26107361311833,17,edge_flip_vem,,,,1e-05,0.2,0.02,0.2,0.19755102694034576,0.024399999529123306,0.18857142329216003
100,0.5,75.26107361311833,17,sbm_dpsgd_all_noised,70.77218472422943,12.423129399151788,1.0338953100711687,1e-05,0.2,0.02,0.2,0.18009528517723083,0.11173569411039352,0.16883625090122223
100,0.5,75.26107361311833,18,edge_flip_vem,,,,1e-05,0.2,0.02,0.2,0.20326530933380127,0.019999999552965164,0.18775510787963867
100,0.5,75.26107361311833,18,sbm_dpsgd_all_noised,70.77218472422943,12.423129399151788,1.0338953100711687,1e-05,0.2,0.02,0.2,0.19655995070934296,0.05209548398852348,0.21976672112941742
100,0.5,75.26107361311833,19,edge_flip_vem,,,,1e-05,0.2,0.02,0.2,0.18448980152606964,0.015200000256299973,0.19265305995941162
100,0.5,75.26107361311833,19,sbm_dpsgd_all_noised,70.77218472422943,12.423129399151788,1.0338953100711687,1e-05,0.2,0.02,0.2,0.20455758273601532,0.05545707419514656,0.18184414505958557
100,1.0,27.449962502007253,0,edge_flip_vem,,,,1e-05,0.2,0.02,0.2,0.20326530933380127,0.01720000058412552,0.2179591804742813
100,1.0,27.449962502007253,0,sbm_dpsgd_all_noised,26.32774027978503,5.635918426327381,0.5431122541136532,1e-05,0.2,0.02,0.2,0.15665704011917114,0.11448528617620468,0.20442470908164978
100,1.0,27.449962502007253,1,edge_flip_vem,,,,1e-05,0.2,0.02,0.2,0.2008163332939148,0.026399999856948853,0.19428572058677673
100,1.0,27.449962502007253,1,sbm_dpsgd_all_noised,26.32774027978503,5.635918426327381,0.5431122541136532,1e-05,0.2,0.02,0.2,0.1635369062423706,0.12188602983951569,0.17600856721401215
100,1.0,27.449962502007253,2,edge_flip_vem,,,,1e-05,0.2,0.02,0.2,0.21306122839450836,0.01640000008046627,0.2024489790201187
100,1.0,27.449962502007253,2,sbm_dpsgd_all_noised,26.32774027978503,5.635918426327381,0.5431122541136532,1e-05,0.2,0.02,0.2,0.225859135389328,0.0369536466896534,0.21257886290550232
100,1.0,27.449962502007253,3,edge_flip_vem,,,,1e-05,0.2,0.02,0.2,0.1921568661928177,0.023209283128380775,0.22959183156490326
100,1.0,27.449962502007253,3,sbm_dpsgd_all_noised,26.32774027978503,5.635918426327381,0.5431122541136532,1e-05,0.2,0.02,0.2,0.22065073251724243,0.05394165962934494,0.2161930948495865
100,1.0,27.449962502007253,4,edge_flip_vem,,,,1e-05,0.2,0.02,0.2,0.20571428537368774,0.018799999728798866,0.1893877536058426
100,1.0,27.449962502007253,4,sbm_dpsgd_all_noised,26.32774027978503,5.635918426327381,0.5431122541136532,1e-05,0.2,0.02,0.2,0.18835096061229706,0.047509193420410156,0.2215641587972641
100,1.0,27.449962502007253,5,edge_flip_vem,,,,1e-05,0.2,0.02,0.2,0.19020408391952515,0.018799999728798866,0.1951020359992981
100,1.0,27.449962502007253,5,sbm_dpsgd_all_noised,26.32774027978503,5.635918426327381,0.5431122541136532,1e-05,0.2,0.02,0.2,0.1851481795310974,0.0576951764523983,0.22077536582946777
100,1.0,27.449962502007253,6,edge_flip_vem,,,,1e-05,0.2,0.02,0.2,0.06949152797460556,0.10916666686534882,0.2064102590084076
100,1.0,27.449962502007253,6,sbm_dpsgd_all_noised,26.32774027978503,5.635918426327381,0.5431122541136532,1e-05,0.2,0.02,0.2,0.2143629640340805,0.051300402730703354,0.2115635722875595
100,1.0,27.449962502007253,7,edge_flip_vem,,,,1e-05,0.2,0.02,0.2,0.1967346966266632,0.018799999728798866,0.21551020443439484
100,1.0,27.449962502007253,7,sbm_dpsgd_all_noised,26.32774027978503,5.635918426327381,0.5431122541136532,1e-05,0.2,0.02,0.2,0.1889834702014923,0.10000479221343994,0.19295883178710938
100,1.0,27.449962502007253,8,edge_flip_vem,,,,1e-05,0.2,0.02,0.2,0.10626262426376343,0.0,0.0
100,1.0,27.449962502007253,8,sbm_dpsgd_all_noised,26.32774027978503,5.635918426327381,0.5431122541136532,1e-05,0.2,0.02,0.2,0.17708219587802887,0.11489459127187729,0.1857028603553772
100,1.0,27.449962502007253,9,edge_flip_vem,,,,1e-05,0.2,0.02,0.2,0.20000000298023224,0.018400000408291817,0.20979592204093933
100,1.0,27.449962502007253,9,sbm_dpsgd_all_noised,26.32774027978503,5.635918426327381,0.5431122541136532,1e-05,0.2,0.02,0.2,0.2456333488225937,0.05480773746967316,0.19789302349090576
100,1.0,27.449962502007253,10,edge_flip_vem,,,,1e-05,0.2,0.02,0.2,0.1951020359992981,0.01759999990463257,0.20000000298023224
100,1.0,27.449962502007253,10,sbm_dpsgd_all_noised,26.32774027978503,5.635918426327381,0.5431122541136532,1e-05,0.2,0.02,0.2,0.19526703655719757,0.08348721265792847,0.16861717402935028
100,1.0,27.449962502007253,11,edge_flip_vem,,,,1e-05,0.2,0.02,0.2,0.0,0.0,0.11252525448799133
100,1.0,27.449962502007253,11,sbm_dpsgd_all_noised,26.32774027978503,5.635918426327381,0.5431122541136532,1e-05,0.2,0.02,0.2,0.17002663016319275,0.1038111075758934,0.20191766321659088
100,1.0,27.449962502007253,12,edge_flip_vem,,,,1e-05,0.2,0.02,0.2,0.18448980152606964,0.018799999728798866,0.19755102694034576
100,1.0,27.449962502007253,12,sbm_dpsgd_all_noised,26.32774027978503,5.635918426327381,0.5431122541136532,1e-05,0.2,0.02,0.2,0.19490818679332733,0.07885709404945374,0.19703960418701172
100,1.0,27.449962502007253,13,edge_flip_vem,,,,1e-05,0.2,0.02,0.2,0.21877551078796387,0.02319999970495701,0.1893877536058426
100,1.0,27.449962502007253,13,sbm_dpsgd_all_noised,26.32774027978503,5.635918426327381,0.5431122541136532,1e-05,0.2,0.02,0.2,0.22658289968967438,0.04747823625802994,0.21219681203365326
100,1.0,27.449962502007253,14,edge_flip_vem,,,,1e-05,0.2,0.02,0.2,0.20816326141357422,0.02199999988079071,0.17877550423145294
100,1.0,27.449962502007253,14,sbm_dpsgd_all_noised,26.32774027978503,5.635918426327381,0.5431122541136532,1e-05,0.2,0.02,0.2,0.21364296972751617,0.060007382184267044,0.21083353459835052
100,1.0,27.449962502007253,15,edge_flip_vem,,,,1e-05,0.2,0.02,0.2,0.19183672964572906,0.01759999990463257,0.19428572058677673
100,1.0,27.449962502007253,15,sbm_dpsgd_all_noised,26.32774027978503,5.635918426327381,0.5431122541136532,1e-05,0.2,0.02,0.2,0.18498268723487854,0.12130508571863174,0.16566208004951477
100,1.0,27.449962502007253,16,edge_flip_vem,,,,1e-05,0.2,0.02,0.2,0.19265305995941162,0.021199999377131462,0.19346939027309418
100,1.0,27.449962502007253,16,sbm_dpsgd_all_noised,26.32774027978503,5.635918426327381,0.5431122541136532,1e-05,0.2,0.02,0.2,0.16262216866016388,0.13221175968647003,0.18112897872924805
100,1.0,27.449962502007253,17,edge_flip_vem,,,,1e-05,0.2,0.02,0.2,0.19755102694034576,0.024399999529123306,0.18857142329216003
100,1.0,27.449962502007253,17,sbm_dpsgd_all_noised,26.32774027978503,5.635918426327381,0.5431122541136532,1e-05,0.2,0.02,0.2,0.1883469969034195,0.10956691950559616,0.18445579707622528
100,1.0,27.449962502007253,18,edge_flip_vem,,,,1e-05,0.2,0.02,0.2,0.20326530933380127,0.019999999552965164,0.18775510787963867
100,1.0,27.449962502007253,18,sbm_dpsgd_all_noised,26.32774027978503,5.635918426327381,0.5431122541136532,1e-05,0.2,0.02,0.2,0.20008769631385803,0.04968595132231712,0.21886403858661652
100,1.0,27.449962502007253,19,edge_flip_vem,,,,1e-05,0.2,0.02,0.2,0.18448980152606964,0.015200000256299973,0.19265305995941162
100,1.0,27.449962502007253,19,sbm_dpsgd_all_noised,26.32774027978503,5.635918426327381,0.5431122541136532,1e-05,0.2,0.02,0.2,0.2017716020345688,0.05389324203133583,0.18057045340538025
100,2.0,11.732851621374003,0,edge_flip_vem,,,,1e-05,0.2,0.02,0.2,0.20326054096221924,0.01719225011765957,0.21795465052127838
100,2.0,11.732851621374003,0,sbm_dpsgd_all_noised,11.245049229064149,2.668102829441137,0.40561225411365304,1e-05,0.2,0.02,0.2,0.1835007667541504,0.09255490452051163,0.18805673718452454
100,2.0,11.732851621374003,1,edge_flip_vem,,,,1e-05,0.2,0.02,0.2,0.20081152021884918,0.02639239840209484,0.19428080320358276
100,2.0,11.732851621374003,1,sbm_dpsgd_all_noised,11.245049229064149,2.668102829441137,0.40561225411365304,1e-05,0.2,0.02,0.2,0.14446713030338287,0.1326802521944046,0.19530589878559113
100,2.0,11.732851621374003,2,edge_flip_vem,,,,1e-05,0.2,0.02,0.2,0.21305662393569946,0.016392236575484276,0.20244421064853668
100,2.0,11.732851621374003,2,sbm_dpsgd_all_noised,11.245049229064149,2.668102829441137,0.40561225411365304,1e-05,0.2,0.02,0.2,0.21380041539669037,0.03422638401389122,0.23220936954021454
100,2.0,11.732851621374003,3,edge_flip_vem,,,,1e-05,0.2,0.02,0.2,0.19215191900730133,0.023201629519462585,0.22958749532699585
100,2.0,11.732851621374003,3,sbm_dpsgd_all_noised,11.245049229064149,2.668102829441137,0.40561225411365304,1e-05,0.2,0.02,0.2,0.2158787101507187,0.05906757712364197,0.21179816126823425
100,2.0,11.732851621374003,4,edge_flip_vem,,,,1e-05,0.2,0.02,0.2,0.2057095617055893,0.018792275339365005,0.18938277661800385
100,2.0,11.732851621374003,4,sbm_dpsgd_all_noised,11.245049229064149,2.668102829441137,0.40561225411365304,1e-05,0.2,0.02,0.2,0.15367676317691803,0.12523868680000305,0.17654353380203247
100,2.0,11.732851621374003,5,edge_flip_vem,,,,1e-05,0.2,0.02,0.2,0.1901991069316864,0.018792275339365005,0.1950971484184265
100,2.0,11.732851621374003,5,sbm_dpsgd_all_noised,11.245049229064149,2.668102829441137,0.40561225411365304,1e-05,0.2,0.02,0.2,0.18506324291229248,0.05508289858698845,0.2352975457906723
100,2.0,11.732851621374003,6,edge_flip_vem,,,,1e-05,0.2,0.02,0.2,0.06948461383581161,0.1091603934764862,0.20640555024147034
100,2.0,11.732851621374003,6,sbm_dpsgd_all_noised,11.245049229064149,2.668102829441137,0.40561225411365304,1e-05,0.2,0.02,0.2,0.19647565484046936,0.07152984291315079,0.20116353034973145
100,2.0,11.732851621374003,7,edge_flip_vem,,,,1e-05,0.2,0.02,0.2,0.19672982394695282,0.018792275339365005,0.21632197499275208
100,2.0,11.732851621374003,7,sbm_dpsgd_all_noised,11.245049229064149,2.668102829441137,0.40561225411365304,1e-05,0.2,0.02,0.2,0.19527587294578552,0.12687690556049347,0.16875362396240234
100,2.0,11.732851621374003,8,edge_flip_vem,,,,1e-05,0.2,0.02,0.2,0.10645832866430283,0.0,0.0
100,2.0,11.732851621374003,8,sbm_dpsgd_all_noised,11.245049229064149,2.668102829441137,0.40561225411365304,1e-05,0.2,0.02,0.2,0.14824306964874268,0.12959563732147217,0.21340888738632202
100,2.0,11.732851621374003,9,edge_flip_vem,,,,1e-05,0.2,0.02,0.2,0.19999518990516663,0.018392270430922508,0.20979125797748566
100,2.0,11.732851621374003,9,sbm_dpsgd_all_noised,11.245049229064149,2.668102829441137,0.40561225411365304,1e-05,0.2,0.02,0.2,0.24637942016124725,0.05822623893618584,0.20224754512310028
100,2.0,11.732851621374003,10,edge_flip_vem,,,,1e-05,0.2,0.02,0.2,0.1950971484184265,0.017592256888747215,0.19999518990516663
100,2.0,11.732851621374003,10,sbm_dpsgd_all_noised,11.245049229064149,2.668102829441137,0.40561225411365304,1e-05,0.2,0.02,0.2,0.20573244988918304,0.06049094721674919,0.18989235162734985
100,2.0,11.732851621374003,11,edge_flip_vem,,,,1e-05,0.2,0.02,0.2,0.0,0.0,0.1125190332531929
100,2.0,11.732851621374003,11,sbm_dpsgd_all_noised,11.245049229064149,2.668102829441137,0.40561225411365304,1e-05,0.2,0.02,0.2,0.17805825173854828,0.12286257743835449,0.18246830999851227
100,2.0,11.732851621374003,12,edge_flip_vem,,,,1e-05,0.2,0.02,0.2,0.18448473513126373,0.018792275339365005,0.19754616916179657
100,2.0,11.732851621374003,12,sbm_dpsgd_all_noised,11.245049229064149,2.668102829441137,0.40561225411365304,1e-05,0.2,0.02,0.2,0.22078773379325867,0.06035739555954933,0.19931602478027344
100,2.0,11.732851621374003,13,edge_flip_vem,,,,1e-05,0.2,0.02,0.2,0.21877099573612213,0.02319234609603882,0.18938277661800385
100,2.0,11.732851621374003,13,sbm_dpsgd_all_noised,11.245049229064149,2.668102829441137,0.40561225411365304,1e-05,0.2,0.02,0.2,0.24932880699634552,0.0462394542992115,0.19678406417369843
100,2.0,11.732851621374003,14,edge_flip_vem,,,,1e-05,0.2,0.02,0.2,0.20815858244895935,0.021992327645421028,0.17877034842967987
100,2.0,11.732851621374003,14,sbm_dpsgd_all_noised,11.245049229064149,2.668102829441137,0.40561225411365304,1e-05,0.2,0.02,0.2,0.20454539358615875,0.11444050073623657,0.17284756898880005
100,2.0,11.732851621374003,15,edge_flip_vem,,,,1e-05,0.2,0.02,0.2,0.1918317824602127,0.017592256888747215,0.19428080320358276
100,2.0,11.732851621374003,15,sbm_dpsgd_all_noised,11.245049229064149,2.668102829441137,0.40561225411365304,1e-05,0.2,0.02,0.2,0.1907026767730713,0.11118880659341812,0.18833544850349426
100,2.0,11.732851621374003,16,edge_flip_vem,,,,1e-05,0.2,0.02,0.2,0.19264812767505646,0.021192314103245735,0.1934644728899002
100,2.0,11.732851621374003,16,sbm_dpsgd_all_noised,11.245049229064149,2.668102829441137,0.40561225411365304,1e-05,0.2,0.02,0.2,0.1660880148410797,0.12380614876747131,0.19152548909187317
100,2.0,11.732851621374003,17,edge_flip_vem,,,,1e-05,0.2,0.02,0.2,0.19754616916179657,0.024392366409301758,0.1885664314031601
100,2.0,11.732851621374003,17,sbm_dpsgd_all_noised,11.245049229064149,2.668102829441137,0.40561225411365304,1e-05,0.2,0.02,0.2,0.20005112886428833,0.11948633193969727,0.17663124203681946
100,2.0,11.732851621374003,18,edge_flip_vem,,,,1e-05,0.2,0.02,0.2,0.20326054096221924,0.019992295652627945,0.18775008618831635
100,2.0,11.732851621374003,18,sbm_dpsgd_all_noised,11.245049229064149,2.668102829441137,0.40561225411365304,1e-05,0.2,0.02,0.2,0.20205742120742798,0.04564175754785538,0.22914984822273254
100,2.0,11.732851621374003,19,edge_flip_vem,,,,1e-05,0.2,0.02,0.2,0.18448473513126373,0.015192218124866486,0.19264812767505646
100,2.0,11.732851621374003,19,sbm_dpsgd_all_noised,11.245049229064149,2.668102829441137,0.40561225411365304,1e-05,0.2,0.02,0.2,0.20667745172977448,0.04450511932373047,0.2043159157037735
100,5.0,4.150006096013556,0,edge_flip_vem,,,,1e-05,0.2,0.02,0.2,0.20049962401390076,0.01824670098721981,0.22408896684646606
100,5.0,4.150006096013556,0,sbm_dpsgd_all_noised,3.992894984902444,1.0338953100711687,0.36711225411365295,1e-05,0.2,0.02,0.2,0.2531031668186188,0.05006660521030426,0.2174314707517624
100,5.0,4.150006096013556,1,edge_flip_vem,,,,1e-05,0.2,0.02,0.2,0.19460229575634003,0.024026090279221535,0.1996571570634842
100,5.0,4.150006096013556,1,sbm_dpsgd_all_noised,3.992894984902444,1.0338953100711687,0.36711225411365295,1e-05,0.2,0.02,0.2,0.21503035724163055,0.1252412647008896,0.1645333170890808
100,5.0,4.150006096013556,2,edge_flip_vem,,,,1e-05,0.2,0.02,0.2,0.21397924423217773,0.015769820660352707,0.2038695365190506
100,5.0,4.150006096013556,2,sbm_dpsgd_all_noised,3.992894984902444,1.0338953100711687,0.36711225411365295,1e-05,0.2,0.02,0.2,0.23826821148395538,0.039510227739810944,0.2478019744157791
100,5.0,4.150006096013556,3,edge_flip_vem,,,,1e-05,0.2,0.02,0.2,0.19038991630077362,0.021151263266801834,0.230583056807518
100,5.0,4.150006096013556,3,sbm_dpsgd_all_noised,3.992894984902444,1.0338953100711687,0.36711225411365295,1e-05,0.2,0.02,0.2,0.1980629414319992,0.14065903425216675,0.21390950679779053
100,5.0,4.150006096013556,4,edge_flip_vem,,,,1e-05,0.2,0.02,0.2,0.10490833967924118,0.0,0.0
100,5.0,4.150006096013556,4,sbm_dpsgd_all_noised,3.992894984902444,1.0338953100711687,0.36711225411365295,1e-05,0.2,0.02,0.2,0.20062807202339172,0.08588438481092453,0.20825427770614624
100,5.0,4.150006096013556,5,edge_flip_vem,,,,1e-05,0.2,0.02,0.2,0.18617752194404602,0.0178338885307312,0.1971297264099121
100,5.0,4.150006096013556,5,sbm_dpsgd_all_noised,3.992894984902444,1.0338953100711687,0.36711225411365295,1e-05,0.2,0.02,0.2,0.22316378355026245,0.08117598295211792,0.22608572244644165
100,5.0,4.150006096013556,6,edge_flip_vem,,,,1e-05,0.2,0.02,0.2,0.05081237480044365,0.09833135455846786,0.17795757949352264
100,5.0,4.150006096013556,6,sbm_dpsgd_all_noised,3.992894984902444,1.0338953100711687,0.36711225411365295,1e-05,0.2,0.02,0.2,0.20610949397087097,0.13413769006729126,0.17844504117965698
100,5.0,4.150006096013556,7,edge_flip_vem,,,,1e-05,0.2,0.02,0.2,0.19628724455833435,0.016595447435975075,0.21650667488574982
100,5.0,4.150006096013556,7,sbm_dpsgd_all_noised,3.992894984902444,1.0338953100711687,0.36711225411365295,1e-05,0.2,0.02,0.2,0.24490630626678467,0.08014331012964249,0.24605071544647217
100,5.0,4.150006096013556,8,edge_flip_vem,,,,1e-05,0.2,0.02,0.2,0.0,0.0,0.10866118967533112
100,5.0,4.150006096013556,8,sbm_dpsgd_all_noised,3.992894984902444,1.0338953100711687,0.36711225411365295,1e-05,0.2,0.02,0.2,0.16059185564517975,0.13157056272029877,0.2774493396282196
100,5.0,4.150006096013556,9,edge_flip_vem,,,,1e-05,0.2,0.02,0.2,0.20555448532104492,0.01824670098721981,0.19797219336032867
100,5.0,4.150006096013556,9,sbm_dpsgd_all_noised,3.992894984902444,1.0338953100711687,0.36711225411365295,1e-05,0.2,0.02,0.2,0.24334606528282166,0.076275534927845,0.22345726191997528
100,5.0,4.150006096013556,10,edge_flip_vem,,,,1e-05,0.2,0.02,0.2,0.19881467521190643,0.016595447435975075,0.19123238325119019
100,5.0,4.150006096013556,10,sbm_dpsgd_all_noised,3.992894984902444,1.0338953100711687,0.36711225411365295,1e-05,0.2,0.02,0.2,0.21405044198036194,0.04709768295288086,0.22158832848072052
100,5.0,4.150006096013556,11,edge_flip_vem,,,,1e-05,0.2,0.02,0.2,0.11470744758844376,0.0,0.0
100,5.0,4.150006096013556,11,sbm_dpsgd_all_noised,3.992894984902444,1.0338953100711687,0.36711225411365295,1e-05,0.2,0.02,0.2,0.17835430800914764,0.11921093612909317,0.2468440681695938
100,5.0,4.150006096013556,12,edge_flip_vem,,,,1e-05,0.2,0.02,0.2,0.18702000379562378,0.019072329625487328,0.19797219336032867
100,5.0,4.150006096013556,12,sbm_dpsgd_all_noised,3.992894984902444,1.0338953100711687,0.36711225411365295,1e-05,0.2,0.02,0.2,0.220682755112648,0.0723729059100151,0.23362575471401215
100,5.0,4.150006096013556,13,edge_flip_vem,,,,1e-05,0.2,0.02,0.2,0.2232464849948883,0.02196202240884304,0.1887049525976181
100,5.0,4.150006096013556,13,sbm_dpsgd_all_noised,3.992894984902444,1.0338953100711687,0.36711225411365295,1e-05,0.2,0.02,0.2,0.28121888637542725,0.0578388050198555,0.1945277899503708
100,5.0,4.150006096013556,14,edge_flip_vem,,,,1e-05,0.2,0.02,0.2,0.20555448532104492,0.024026090279221535,0.1802801936864853
100,5.0,4.150006096013556,14,sbm_dpsgd_all_noised,3.992894984902444,1.0338953100711687,0.36711225411365295,1e-05,0.2,0.02,0.2,0.21906627714633942,0.10941659659147263,0.2542593777179718
100,5.0,4.150006096013556,15,edge_flip_vem,,,,1e-05,0.2,0.02,0.2,0.18958047032356262,0.020738285034894943,0.20162293314933777
100,5.0,4.150006096013556,15,sbm_dpsgd_all_noised,3.992894984902444,1.0338953100711687,0.36711225411365295,1e-05,0.2,0.02,0.2,0.21891610324382782,0.0921393409371376,0.2590135335922241
100,5.0,4.150006096013556,16,edge_flip_vem,,,,1e-05,0.2,0.02,0.2,0.18702000379562378,0.0223748367279768,0.20218458771705627
100,5.0,4.150006096013556,16,sbm_dpsgd_all_noised,3.992894984902444,1.0338953100711687,0.36711225411365295,1e-05,0.2,0.02,0.2,0.1884952038526535,0.13213390111923218,0.2139279991388321
100,5.0,4.150006096013556,17,edge_flip_vem,,,,1e-05,0.2,0.02,0.2,0.10386587679386139,0.0,0.0
100,5.0,4.150006096013556,17,sbm_dpsgd_all_noised,3.992894984902444,1.0338953100711687,0.36711225411365295,1e-05,0.2,0.02,0.2,0.25578320026397705,0.14397874474525452,0.18806374073028564
100,5.0,4.150006096013556,18,edge_flip_vem,,,,1e-05,0.2,0.02,0.2,0.20218458771705627,0.012467313557863235,0.18617752194404602
100,5.0,4.150006096013556,18,sbm_dpsgd_all_noised,3.992894984902444,1.0338953100711687,0.36711225411365295,1e-05,0.2,0.02,0.2,0.22833098471164703,0.055136919021606445,0.2435116320848465
100,5.0,4.150006096013556,19,edge_flip_vem,,,,1e-05,0.2,0.02,0.2,0.18954743444919586,0.012054500170052052,0.1929173469543457
100,5.0,4.150006096013556,19,sbm_dpsgd_all_noised,3.992894984902444,1.0338953100711687,0.36711225411365295,1e-05,0.2,0.02,0.2,0.20142118632793427,0.08937782794237137,0.22639183700084686
100,10.0,1.9953178628215948,0,edge_flip_vem,,,,1e-05,0.2,0.02,0.2,0.0,0.0,0.10929776728153229
100,10.0,1.9953178628215948,0,sbm_dpsgd_all_noised,1.9223734183771504,0.5431122541136532,0.361612254113653,1e-05,0.2,0.02,0.2,0.2942360043525696,0.07289253920316696,0.2816925048828125
100,10.0,1.9953178628215948,1,edge_flip_vem,,,,1e-05,0.2,0.02,0.2,0.10209401696920395,0.2786414623260498,0.0
100,10.0,1.9953178628215948,1,sbm_dpsgd_all_noised,1.9223734183771504,0.5431122541136532,0.361612254113653,1e-05,0.2,0.02,0.2,0.2821120321750641,0.11321675777435303,0.20752127468585968
100,10.0,1.9953178628215948,2,edge_flip_vem,,,,1e-05,0.2,0.02,0.2,0.11646905541419983,0.0,0.0
100,10.0,1.9953178628215948,2,sbm_dpsgd_all_noised,1.9223734183771504,0.5431122541136532,0.361612254113653,1e-05,0.2,0.02,0.2,0.30546343326568604,0.09996797889471054,0.2958120107650757
100,10.0,1.9953178628215948,3,edge_flip_vem,,,,1e-05,0.2,0.02,0.2,0.0,0.0673951655626297,0.16748034954071045
100,10.0,1.9953178628215948,3,sbm_dpsgd_all_noised,1.9223734183771504,0.5431122541136532,0.361612254113653,1e-05,0.2,0.02,0.2,0.31944727897644043,0.14988988637924194,0.2612510025501251
100,10.0,1.9953178628215948,4,edge_flip_vem,,,,1e-05,0.2,0.02,0.2,0.10425131022930145,0.0,0.0
100,10.0,1.9953178628215948,4,sbm_dpsgd_all_noised,1.9223734183771504,0.5431122541136532,0.361612254113653,1e-05,0.2,0.02,0.2,0.2578585147857666,0.10092137008905411,0.2190033197402954
100,10.0,1.9953178628215948,5,edge_flip_vem,,,,1e-05,0.2,0.02,0.2,0.008607008494436741,0.12688466906547546,0.18093611299991608
100,10.0,1.9953178628215948,5,sbm_dpsgd_all_noised,1.9223734183771504,0.5431122541136532,0.361612254113653,1e-05,0.2,0.02,0.2,0.2562858760356903,0.11457034945487976,0.2670001685619354
100,10.0,1.9953178628215948,6,edge_flip_vem,,,,1e-05,0.2,0.02,0.2,0.12814193964004517,0.024328477680683136,0.0
100,10.0,1.9953178628215948,6,sbm_dpsgd_all_noised,1.9223734183771504,0.5431122541136532,0.361612254113653,1e-05,0.2,0.02,0.2,0.3490104675292969,0.10382329672574997,0.22512808442115784
100,10.0,1.9953178628215948,7,edge_flip_vem,,,,1e-05,0.2,0.02,0.2,0.1079697534441948,0.0,0.0
100,10.0,1.9953178628215948,7,sbm_dpsgd_all_noised,1.9223734183771504,0.5431122541136532,0.361612254113653,1e-05,0.2,0.02,0.2,0.30039677023887634,0.08885186165571213,0.32754868268966675
100,10.0,1.9953178628215948,8,edge_flip_vem,,,,1e-05,0.2,0.02,0.2,0.0,0.0,0.1116340309381485
100,10.0,1.9953178628215948,8,sbm_dpsgd_all_noised,1.9223734183771504,0.5431122541136532,0.361612254113653,1e-05,0.2,0.02,0.2,0.2736216187477112,0.11795574426651001,0.33092525601387024
100,10.0,1.9953178628215948,9,edge_flip_vem,,,,1e-05,0.2,0.02,0.2,0.1045169085264206,0.0,0.0
100,10.0,1.9953178628215948,9,sbm_dpsgd_all_noised,1.9223734183771504,0.5431122541136532,0.361612254113653,1e-05,0.2,0.02,0.2,0.2993810176849365,0.11900175362825394,0.33405521512031555
100,10.0,1.9953178628215948,10,edge_flip_vem,,,,1e-05,0.2,0.02,0.2,0.10372009873390198,0.0,0.0
100,10.0,1.9953178628215948,10,sbm_dpsgd_all_noised,1.9223734183771504,0.5431122541136532,0.361612254113653,1e-05,0.2,0.02,0.2,0.27657943964004517,0.09716477990150452,0.18018552660942078
100,10.0,1.9953178628215948,11,edge_flip_vem,,,,1e-05,0.2,0.02,0.2,0.0,0.0,0.10823535174131393
100,10.0,1.9953178628215948,11,sbm_dpsgd_all_noised,1.9223734183771504,0.5431122541136532,0.361612254113653,1e-05,0.2,0.02,0.2,0.21902449429035187,0.0879565179347992,0.343727171421051
100,10.0,1.9953178628215948,12,edge_flip_vem,,,,1e-05,0.2,0.02,0.2,0.17855286598205566,0.05188441649079323,0.01832509972155094
100,10.0,1.9953178628215948,12,sbm_dpsgd_all_noised,1.9223734183771504,0.5431122541136532,0.361612254113653,1e-05,0.2,0.02,0.2,0.3044671416282654,0.1234419047832489,0.2454867959022522
100,10.0,1.9953178628215948,13,edge_flip_vem,,,,1e-05,0.2,0.02,0.2,0.11434422433376312,0.0,0.0
100,10.0,1.9953178628215948,13,sbm_dpsgd_all_noised,1.9223734183771504,0.5431122541136532,0.361612254113653,1e-05,0.2,0.02,0.2,0.3070870339870453,0.08365082740783691,0.24637781083583832
100,10.0,1.9953178628215948,14,edge_flip_vem,,,,1e-05,0.2,0.02,0.2,0.14977730810642242,0.04669109731912613,0.0
100,10.0,1.9953178628215948,14,sbm_dpsgd_all_noised,1.9223734183771504,0.5431122541136532,0.361612254113653,1e-05,0.2,0.02,0.2,0.2847539186477661,0.13164570927619934,0.367167204618454
100,10.0,1.9953178628215948,15,edge_flip_vem,,,,1e-05,0.2,0.02,0.2,0.0,0.0,0.11328181624412537
100,10.0,1.9953178628215948,15,sbm_dpsgd_all_noised,1.9223734183771504,0.5431122541136532,0.361612254113653,1e-05,0.2,0.02,0.2,0.28832221031188965,0.12131813913583755,0.34056583046913147
100,10.0,1.9953178628215948,16,edge_flip_vem,,,,1e-05,0.2,0.02,0.2,0.0,0.0,0.10850095748901367
100,10.0,1.9953178628215948,16,sbm_dpsgd_all_noised,1.9223734183771504,0.5431122541136532,0.361612254113653,1e-05,0.2,0.02,0.2,0.23811250925064087,0.13936392962932587,0.2888146936893463
100,10.0,1.9953178628215948,17,edge_flip_vem,,,,1e-05,0.2,0.02,0.2,0.10584492981433868,0.0,0.0
100,10.0,1.9953178628215948,17,sbm_dpsgd_all_noised,1.9223734183771504,0.5431122541136532,0.361612254113653,1e-05,0.2,0.02,0.2,0.2999013662338257,0.13733616471290588,0.322784423828125
100,10.0,1.9953178628215948,18,edge_flip_vem,,,,1e-05,0.2,0.02,0.2,0.0,0.0,0.10584492981433868
100,10.0,1.9953178628215948,18,sbm_dpsgd_all_noised,1.9223734183771504,0.5431122541136532,0.361612254113653,1e-05,0.2,0.02,0.2,0.27877116203308105,0.08930110186338425,0.30993950366973877
100,10.0,1.9953178628215948,19,edge_flip_vem,,,,1e-05,0.2,0.02,0.2,0.09654881805181503,0.0,0.0
100,10.0,1.9953178628215948,19,sbm_dpsgd_all_noised,1.9223734183771504,0.5431122541136532,0.361612254113653,1e-05,0.2,0.02,0.2,0.23301878571510315,0.10397268831729889,0.3397521674633026
100,20.0,0.9777376351145003,0,edge_flip_vem,,,,1e-05,0.2,0.02,0.2,0.0,0.0,0.15818820893764496
100,20.0,0.9777376351145003,0,sbm_dpsgd_all_noised,0.9419985000802904,0.40561225411365304,0.360237254113653,1e-05,0.2,0.02,0.2,0.45249149203300476,0.10588052123785019,0.3640736937522888
100,20.0,0.9777376351145003,1,edge_flip_vem,,,,1e-05,0.2,0.02,0.2,0.0,0.0,0.10292789340019226
100,20.0,0.9777376351145003,1,sbm_dpsgd_all_noised,0.9419985000802904,0.40561225411365304,0.360237254113653,1e-05,0.2,0.02,0.2,0.3900459110736847,0.11483073234558105,0.3076513111591339
100,20.0,0.9777376351145003,2,edge_flip_vem,,,,1e-05,0.2,0.02,0.2,0.0,0.0,0.10159094631671906
100,20.0,0.9777376351145003,2,sbm_dpsgd_all_noised,0.9419985000802904,0.40561225411365304,0.360237254113653,1e-05,0.2,0.02,0.2,0.43152764439582825,0.11166401207447052,0.43711602687835693
100,20.0,0.9777376351145003,3,edge_flip_vem,,,,1e-05,0.2,0.02,0.2,0.0,0.0,0.126992866396904
100,20.0,0.9777376351145003,3,sbm_dpsgd_all_noised,0.9419985000802904,0.40561225411365304,0.360237254113653,1e-05,0.2,0.02,0.2,0.4303515553474426,0.1924382895231247,0.3916994631290436
100,20.0,0.9777376351145003,4,edge_flip_vem,,,,1e-05,0.2,0.02,0.2,0.13234063982963562,0.39766183495521545,0.10249200463294983
100,20.0,0.9777376351145003,4,sbm_dpsgd_all_noised,0.9419985000802904,0.40561225411365304,0.360237254113653,1e-05,0.2,0.02,0.2,0.342523992061615,0.09897815436124802,0.35756027698516846
100,20.0,0.9777376351145003,5,edge_flip_vem,,,,1e-05,0.2,0.02,0.2,0.0,0.355164498090744,0.09505175054073334
100,20.0,0.9777376351145003,5,sbm_dpsgd_all_noised,0.9419985000802904,0.40561225411365304,0.360237254113653,1e-05,0.2,0.02,0.2,0.31536999344825745,0.1408819556236267,0.43012478947639465
100,20.0,0.9777376351145003,6,edge_flip_vem,,,,1e-05,0.2,0.02,0.2,0.4117617607116699,0.18175405263900757,0.0
100,20.0,0.9777376351145003,6,sbm_dpsgd_all_noised,0.9419985000802904,0.40561225411365304,0.360237254113653,1e-05,0.2,0.02,0.2,0.4501064717769623,0.10997655987739563,0.3438616096973419
100,20.0,0.9777376351145003,7,edge_flip_vem,,,,1e-05,0.2,0.02,0.2,0.0,0.0,0.09535188227891922
100,20.0,0.9777376351145003,7,sbm_dpsgd_all_noised,0.9419985000802904,0.40561225411365304,0.360237254113653,1e-05,0.2,0.02,0.2,0.439937949180603,0.16009949147701263,0.415370911359787
100,20.0,0.9777376351145003,8,edge_flip_vem,,,,1e-05,0.2,0.02,0.2,0.14259053766727448,0.0,0.0
100,20.0,0.9777376351145003,8,sbm_dpsgd_all_noised,0.9419985000802904,0.40561225411365304,0.360237254113653,1e-05,0.2,0.02,0.2,0.43612706661224365,0.12910710275173187,0.41673901677131653
100,20.0,0.9777376351145003,9,edge_flip_vem,,,,1e-05,0.2,0.02,0.2,0.04647662118077278,0.2618570029735565,0.5334236025810242
100,20.0,0.9777376351145003,9,sbm_dpsgd_all_noised,0.9419985000802904,0.40561225411365304,0.360237254113653,1e-05,0.2,0.02,0.2,0.44023531675338745,0.12456781417131424,0.4913262724876404
100,20.0,0.9777376351145003,10,edge_flip_vem,,,,1e-05,0.2,0.02,0.2,0.10827566683292389,0.0,0.0
100,20.0,0.9777376351145003,10,sbm_dpsgd_all_noised,0.9419985000802904,0.40561225411365304,0.360237254113653,1e-05,0.2,0.02,0.2,0.35156551003456116,0.13434813916683197,0.25557759404182434
100,20.0,0.9777376351145003,11,edge_flip_vem,,,,1e-05,0.2,0.02,0.2,0.0,0.0,0.12209074199199677
100,20.0,0.9777376351145003,11,sbm_dpsgd_all_noised,0.9419985000802904,0.40561225411365304,0.360237254113653,1e-05,0.2,0.02,0.2,0.3933798670768738,0.07953264564275742,0.4329322874546051
100,20.0,0.9777376351145003,12,edge_flip_vem,,,,1e-05,0.2,0.02,0.2,0.0,0.0,0.10783001780509949
100,20.0,0.9777376351145003,12,sbm_dpsgd_all_noised,0.9419985000802904,0.40561225411365304,0.360237254113653,1e-05,0.2,0.02,0.2,0.4699702560901642,0.12048278003931046,0.3814023733139038
100,20.0,0.9777376351145003,13,edge_flip_vem,,,,1e-05,0.2,0.02,0.2,0.1109495535492897,0.0,0.0
100,20.0,0.9777376351145003,13,sbm_dpsgd_all_noised,0.9419985000802904,0.40561225411365304,0.360237254113653,1e-05,0.2,0.02,0.2,0.392718106508255,0.14944346249103546,0.32871443033218384
100,20.0,0.9777376351145003,14,edge_flip_vem,,,,1e-05,0.2,0.02,0.2,0.0,0.0,0.11585167795419693
100,20.0,0.9777376351145003,14,sbm_dpsgd_all_noised,0.9419985000802904,0.40561225411365304,0.360237254113653,1e-05,0.2,0.02,0.2,0.377593457698822,0.16363896429538727,0.49974480271339417
100,20.0,0.9777376351145003,15,edge_flip_vem,,,,1e-05,0.2,0.02,0.2,0.0,0.0,0.09668882191181183
100,20.0,0.9777376351145003,15,sbm_dpsgd_all_noised,0.9419985000802904,0.40561225411365304,0.360237254113653,1e-05,0.2,0.02,0.2,0.38470399379730225,0.13897056877613068,0.47946515679359436
100,20.0,0.9777376351145003,16,edge_flip_vem,,,,1e-05,0.2,0.02,0.2,0.32416290044784546,0.1154673844575882,0.0
100,20.0,0.9777376351145003,16,sbm_dpsgd_all_noised,0.9419985000802904,0.40561225411365304,0.360237254113653,1e-05,0.2,0.02,0.2,0.3309646248817444,0.16474877297878265,0.38831350207328796
100,20.0,0.9777376351145003,17,edge_flip_vem,,,,1e-05,0.2,0.02,0.2,0.0,0.0,0.08376503735780716
100,20.0,0.9777376351145003,17,sbm_dpsgd_all_noised,0.9419985000802904,0.40561225411365304,0.360237254113653,1e-05,0.2,0.02,0.2,0.39762556552886963,0.14463558793067932,0.4787122309207916
100,20.0,0.9777376351145003,18,edge_flip_vem,,,,1e-05,0.2,0.02,0.2,0.0,0.0,0.09490623325109482
100,20.0,0.9777376351145003,18,sbm_dpsgd_all_noised,0.9419985000802904,0.40561225411365304,0.360237254113653,1e-05,0.2,0.02,0.2,0.38978806138038635,0.08684542030096054,0.43313243985176086
100,20.0,0.9777376351145003,19,edge_flip_vem,,,,1e-05,0.2,0.02,0.2,0.0,0.0,0.09847141802310944
100,20.0,0.9777376351145003,19,sbm_dpsgd_all_noised,0.9419985000802904,0.40561225411365304,0.360237254113653,1e-05,0.2,0.02,0.2,0.32082560658454895,0.17629747092723846,0.4656220078468323
200,0.5,75.26107361311833,0,edge_flip_vem,,,,1e-05,0.2,0.02,0.2,0.10919597744941711,0.0,0.0
200,0.5,75.26107361311833,0,sbm_dpsgd_all_noised,70.77218472422943,12.423129399151788,1.0338953100711687,1e-05,0.2,0.02,0.2,0.21785089373588562,0.021453097462654114,0.20191697776317596
200,0.5,75.26107361311833,1,edge_flip_vem,,,,1e-05,0.2,0.02,0.2,0.20161616802215576,0.019700000062584877,0.19373737275600433
200,0.5,75.26107361311833,1,sbm_dpsgd_all_noised,70.77218472422943,12.423129399151788,1.0338953100711687,1e-05,0.2,0.02,0.2,0.20944644510746002,0.02662772499024868,0.2058228850364685
200,0.5,75.26107361311833,2,edge_flip_vem,,,,1e-05,0.2,0.02,0.2,0.20242424309253693,0.01860000006854534,0.20141413807868958
200,0.5,75.26107361311833,2,sbm_dpsgd_all_noised,70.77218472422943,12.423129399151788,1.0338953100711687,1e-05,0.2,0.02,0.2,0.1807117611169815,0.06473547220230103,0.19034448266029358
200,0.5,75.26107361311833,3,edge_flip_vem,,,,1e-05,0.2,0.02,0.2,0.19777777791023254,0.021900000050663948,0.20040403306484222
200,0.5,75.26107361311833,3,sbm_dpsgd_all_noised,70.77218472422943,12.423129399151788,1.0338953100711687,1e-05,0.2,0.02,0.2,0.2233608514070511,0.015152527950704098,0.21339723467826843
200,0.5,75.26107361311833,4,edge_flip_vem,,,,1e-05,0.2,0.02,0.2,0.2010101079940796,0.01899999938905239,0.21070706844329834
200,0.5,75.26107361311833,4,sbm_dpsgd_all_noised,70.77218472422943,12.423129399151788,1.0338953100711687,1e-05,0.2,0.02,0.2,0.22342388331890106,0.013821590691804886,0.22948451340198517
200,0.5,75.26107361311833,5,edge_flip_vem,,,,1e-05,0.2,0.02,0.2,0.18646465241909027,0.020099999383091927,0.192525252699852
200,0.5,75.26107361311833,5,sbm_dpsgd_all_noised,70.77218472422943,12.423129399151788,1.0338953100711687,1e-05,0.2,0.02,0.2,0.20322732627391815,0.01735690049827099,0.21718502044677734
200,0.5,75.26107361311833,6,edge_flip_vem,,,,1e-05,0.2,0.02,0.2,0.19838383793830872,0.02280000038444996,0.19535353779792786
200,0.5,75.26107361311833,6,sbm_dpsgd_all_noised,70.77218472422943,12.423129399151788,1.0338953100711687,1e-05,0.2,0.02,0.2,0.19661355018615723,0.04570804908871651,0.19279396533966064
200,0.5,75.26107361311833,7,edge_flip_vem,,,,1e-05,0.2,0.02,0.2,0.1945454478263855,0.017999999225139618,0.192525252699852
200,0.5,75.26107361311833,7,sbm_dpsgd_all_noised,70.77218472422943,12.423129399151788,1.0338953100711687,1e-05,0.2,0.02,0.2,0.21640422940254211,0.01619536243379116,0.20980946719646454
200,0.5,75.26107361311833,8,edge_flip_vem,,,,1e-05,0.2,0.02,0.2,0.1967676728963852,0.019999999552965164,0.1965656578540802
200,0.5,75.26107361311833,8,sbm_dpsgd_all_noised,70.77218472422943,12.423129399151788,1.0338953100711687,1e-05,0.2,0.02,0.2,0.20170466601848602,0.054165054112672806,0.1820899099111557
200,0.5,75.26107361311833,9,edge_flip_vem,,,,1e-05,0.2,0.02,0.2,0.20363636314868927,0.020099999383091927,0.18747474253177643
200,0.5,75.26107361311833,9,sbm_dpsgd_all_noised,70.77218472422943,12.423129399151788,1.0338953100711687,1e-05,0.2,0.02,0.2,0.22807160019874573,0.02067592553794384,0.2029416412115097
200,0.5,75.26107361311833,10,edge_flip_vem,,,,1e-05,0.2,0.02,0.2,0.2052525281906128,0.0203000009059906,0.19474747776985168
200,0.5,75.26107361311833,10,sbm_dpsgd_all_noised,70.77218472422943,12.423129399151788,1.0338953100711687,1e-05,0.2,0.02,0.2,0.2103257030248642,0.09419787675142288,0.14807139337062836
200,0.5,75.26107361311833,11,edge_flip_vem,,,,1e-05,0.2,0.02,0.2,0.21252524852752686,0.017799999564886093,0.20242424309253693
200,0.5,75.26107361311833,11,sbm_dpsgd_all_noised,70.77218472422943,12.423129399151788,1.0338953100711687,1e-05,0.2,0.02,0.2,0.2279655486345291,0.01445364486426115,0.22710786759853363
200,0.5,75.26107361311833,12,edge_flip_vem,,,,1e-05,0.2,0.02,0.2,0.06430745869874954,0.0961061343550682,0.1349831223487854
200,0.5,75.26107361311833,12,sbm_dpsgd_all_noised,70.77218472422943,12.423129399151788,1.0338953100711687,1e-05,0.2,0.02,0.2,0.2178613692522049,0.01725819520652294,0.21224212646484375
200,0.5,75.26107361311833,13,edge_flip_vem,,,,1e-05,0.2,0.02,0.2,0.2010101079940796,0.021800000220537186,0.1987878829240799
200,0.5,75.26107361311833,13,sbm_dpsgd_all_noised,70.77218472422943,12.423129399151788,1.0338953100711687,1e-05,0.2,0.02,0.2,0.2219545543193817,0.018638012930750847,0.21877281367778778
200,0.5,75.26107361311833,14,edge_flip_vem,,,,1e-05,0.2,0.02,0.2,0.20020201802253723,0.0203000009059906,0.20202019810676575
200,0.5,75.26107361311833,14,sbm_dpsgd_all_noised,70.77218472422943,12.423129399151788,1.0338953100711687,1e-05,0.2,0.02,0.2,0.22489261627197266,0.016705870628356934,0.2224777787923813
200,0.5,75.26107361311833,15,edge_flip_vem,,,,1e-05,0.2,0.02,0.2,0.19777777791023254,0.018400000408291817,0.20565655827522278
200,0.5,75.26107361311833,15,sbm_dpsgd_all_noised,70.77218472422943,12.423129399151788,1.0338953100711687,1e-05,0.2,0.02,0.2,0.21115867793560028,0.01898927241563797,0.2133491486310959
200,0.5,75.26107361311833,16,edge_flip_vem,,,,1e-05,0.2,0.02,0.2,0.19494949281215668,0.020999999716877937,0.19515150785446167
200,0.5,75.26107361311833,16,sbm_dpsgd_all_noised,70.77218472422943,12.423129399151788,1.0338953100711687,1e-05,0.2,0.02,0.2,0.21366380155086517,0.01799256168305874,0.2125130146741867
200,0.5,75.26107361311833,17,edge_flip_vem,,,,1e-05,0.2,0.02,0.2,0.1987878829240799,0.01940000057220459,0.2010101079940796
200,0.5,75.26107361311833,17,sbm_dpsgd_all_noised,70.77218472422943,12.423129399151788,1.0338953100711687,1e-05,0.2,0.02,0.2,0.1496647447347641,0.11900891363620758,0.18660789728164673
200,0.5,75.26107361311833,18,edge_flip_vem,,,,1e-05,0.2,0.02,0.2,0.21919192373752594,0.022199999541044235,0.19272726774215698
200,0.5,75.26107361311833,18,sbm_dpsgd_all_noised,70.77218472422943,12.423129399151788,1.0338953100711687,1e-05,0.2,0.02,0.2,0.21812298893928528,0.015178482048213482,0.2263467013835907
200,0.5,75.26107361311833,19,edge_flip_vem,,,,1e-05,0.2,0.02,0.2,0.1967676728963852,0.019600000232458115,0.19313131272792816
200,0.5,75.26107361311833,19,sbm_dpsgd_all_noised,70.77218472422943,12.423129399151788,1.0338953100711687,1e-05,0.2,0.02,0.2,0.20036602020263672,0.04831475764513016,0.18695540726184845
200,1.0,27.449962502007253,0,edge_flip_vem,,,,1e-05,0.2,0.02,0.2,0.10919597744941711,0.0,0.0
200,1.0,27.449962502007253,0,sbm_dpsgd_all_noised,26.32774027978503,5.635918426327381,0.5431122541136532,1e-05,0.2,0.02,0.2,0.22161731123924255,0.01662716455757618,0.20755372941493988
200,1.0,27.449962502007253,1,edge_flip_vem,,,,1e-05,0.2,0.02,0.2,0.20161616802215576,0.019700000062584877,0.19373737275600433
200,1.0,27.449962502007253,1,sbm_dpsgd_all_noised,26.32774027978503,5.635918426327381,0.5431122541136532,1e-05,0.2,0.02,0.2,0.2058175653219223,0.02443285845220089,0.22030189633369446
200,1.0,27.449962502007253,2,edge_flip_vem,,,,1e-05,0.2,0.02,0.2,0.20242424309253693,0.01860000006854534,0.20141413807868958
200,1.0,27.449962502007253,2,sbm_dpsgd_all_noised,26.32774027978503,5.635918426327381,0.5431122541136532,1e-05,0.2,0.02,0.2,0.1573413908481598,0.1083809956908226,0.17591746151447296
200,1.0,27.449962502007253,3,edge_flip_vem,,,,1e-05,0.2,0.02,0.2,0.19777777791023254,0.021900000050663948,0.20040403306484222
200,1.0,27.449962502007253,3,sbm_dpsgd_all_noised,26.32774027978503,5.635918426327381,0.5431122541136532,1e-05,0.2,0.02,0.2,0.22159013152122498,0.016797782853245735,0.20978225767612457
200,1.0,27.449962502007253,4,edge_flip_vem,,,,1e-05,0.2,0.02,0.2,0.2010101079940796,0.01899999938905239,0.21070706844329834
200,1.0,27.449962502007253,4,sbm_dpsgd_all_noised,26.32774027978503,5.635918426327381,0.5431122541136532,1e-05,0.2,0.02,0.2,0.22119462490081787,0.013800409622490406,0.22700205445289612
200,1.0,27.449962502007253,5,edge_flip_vem,,,,1e-05,0.2,0.02,0.2,0.18646465241909027,0.020099999383091927,0.192525252699852
200,1.0,27.449962502007253,5,sbm_dpsgd_all_noised,26.32774027978503,5.635918426327381,0.5431122541136532,1e-05,0.2,0.02,0.2,0.20259247720241547,0.018678609281778336,0.2177763134241104
200,1.0,27.449962502007253,6,edge_flip_vem,,,,1e-05,0.2,0.02,0.2,0.19838383793830872,0.02280000038444996,0.19535353779792786
200,1.0,27.449962502007253,6,sbm_dpsgd_all_noised,26.32774027978503,5.635918426327381,0.5431122541136532,1e-05,0.2,0.02,0.2,0.18460610508918762,0.06465985625982285,0.1893058717250824
200,1.0,27.449962502007253,7,edge_flip_vem,,,,1e-05,0.2,0.02,0.2,0.1945454478263855,0.017999999225139618,0.192525252699852
200,1.0,27.449962502007253,7,sbm_dpsgd_all_noised,26.32774027978503,5.635918426327381,0.5431122541136532,1e-05,0.2,0.02,0.2,0.2197190374135971,0.015861203894019127,0.20600390434265137
200,1.0,27.449962502007253,8,edge_flip_vem,,,,1e-05,0.2,0.02,0.2,0.1967676728963852,0.019999999552965164,0.1965656578540802
200,1.0,27.449962502007253,8,sbm_dpsgd_all_noised,26.32774027978503,5.635918426327381,0.5431122541136532,1e-05,0.2,0.02,0.2,0.18791337311267853,0.08128499984741211,0.17081664502620697
200,1.0,27.449962502007253,9,edge_flip_vem,,,,1e-05,0.2,0.02,0.2,0.20363636314868927,0.020099999383091927,0.18747474253177643
200,1.0,27.449962502007253,9,sbm_dpsgd_all_noised,26.32774027978503,5.635918426327381,0.5431122541136532,1e-05,0.2,0.02,0.2,0.2274438887834549,0.022158034145832062,0.19989612698554993
200,1.0,27.449962502007253,10,edge_flip_vem,,,,1e-05,0.2,0.02,0.2,0.2052525281906128,0.0203000009059906,0.19474747776985168
200,1.0,27.449962502007253,10,sbm_dpsgd_all_noised,26.32774027978503,5.635918426327381,0.5431122541136532,1e-05,0.2,0.02,0.2,0.22432509064674377,0.024392081424593925,0.19054552912712097
200,1.0,27.449962502007253,11,edge_flip_vem,,,,1e-05,0.2,0.02,0.2,0.21252524852752686,0.017799999564886093,0.20242424309253693
200,1.0,27.449962502007253,11,sbm_dpsgd_all_noised,26.32774027978503,5.635918426327381,0.5431122541136532,1e-05,0.2,0.02,0.2,0.2284509390592575,0.014517982490360737,0.22881190478801727
200,1.0,27.449962502007253,12,edge_flip_vem,,,,1e-05,0.2,0.02,0.2,0.06430745869874954,0.0961061343550682,0.1349831223487854
200,1.0,27.449962502007253,12,sbm_dpsgd_all_noised,26.32774027978503,5.635918426327381,0.5431122541136532,1e-05,0.2,0.02,0.2,0.21709679067134857,0.01894102618098259,0.21398361027240753
200,1.0,27.449962502007253,13,edge_flip_vem,,,,1e-05,0.2,0.02,0.2,0.2010101079940796,0.021800000220537186,0.1987878829240799
200,1.0,27.449962502007253,13,sbm_dpsgd_all_noised,26.32774027978503,5.635918426327381,0.5431122541136532,1e-05,0.2,0.02,0.2,0.22527895867824554,0.01820870116353035,0.21466583013534546
200,1.0,27.449962502007253,14,edge_flip_vem,,,,1e-05,0.2,0.02,0.2,0.20020201802253723,0.0203000009059906,0.20202019810676575
200,1.0,27.449962502007253,14,sbm_dpsgd_all_noised,26.32774027978503,5.635918426327381,0.5431122541136532,1e-05,0.2,0.02,0.2,0.22725895047187805,0.01666531153023243,0.21879826486110687
200,1.0,27.449962502007253,15,edge_flip_vem,,,,1e-05,0.2,0.02,0.2,0.19777777791023254,0.018400000408291817,0.20565655827522278
200,1.0,27.449962502007253,15,sbm_dpsgd_all_noised,26.32774027978503,5.635918426327381,0.5431122541136532,1e-05,0.2,0.02,0.2,0.2061978578567505,0.02914242632687092,0.20286306738853455
200,1.0,27.449962502007253,16,edge_flip_vem,,,,1e-05,0.2,0.02,0.2,0.19494949281215668,0.020999999716877937,0.19515150785446167
200,1.0,27.449962502007253,16,sbm_dpsgd_all_noised,26.32774027978503,5.635918426327381,0.5431122541136532,1e-05,0.2,0.02,0.2,0.21491548418998718,0.03009621612727642,0.19504567980766296
200,1.0,27.449962502007253,17,edge_flip_vem,,,,1e-05,0.2,0.02,0.2,0.1987878829240799,0.01940000057220459,0.2010101079940796
200,1.0,27.449962502007253,17,sbm_dpsgd_all_noised,26.32774027978503,5.635918426327381,0.5431122541136532,1e-05,0.2,0.02,0.2,0.15370354056358337,0.1043103039264679,0.19482581317424774
200,1.0,27.449962502007253,18,edge_flip_vem,,,,1e-05,0.2,0.02,0.2,0.21919192373752594,0.022199999541044235,0.19272726774215698
200,1.0,27.449962502007253,18,sbm_dpsgd_all_noised,26.32774027978503,5.635918426327381,0.5431122541136532,1e-05,0.2,0.02,0.2,0.2176162600517273,0.015220247209072113,0.22879798710346222
200,1.0,27.449962502007253,19,edge_flip_vem,,,,1e-05,0.2,0.02,0.2,0.1967676728963852,0.019600000232458115,0.19313131272792816
200,1.0,27.449962502007253,19,sbm_dpsgd_all_noised,26.32774027978503,5.635918426327381,0.5431122541136532,1e-05,0.2,0.02,0.2,0.1882365494966507,0.1040053516626358,0.15112635493278503
200,2.0,11.732851621374003,0,edge_flip_vem,,,,1e-05,0.2,0.02,0.2,0.10923995822668076,0.0,0.0
200,2.0,11.732851621374003,0,sbm_dpsgd_all_noised,11.245049229064149,2.668102829441137,0.40561225411365304,1e-05,0.2,0.02,0.2,0.2052840143442154,0.025512324646115303,0.20321087539196014
200,2.0,11.732851621374003,1,edge_flip_vem,,,,1e-05,0.2,0.02,0.2,0.20161136984825134,0.01979229226708412,0.19373245537281036
200,2.0,11.732851621374003,1,sbm_dpsgd_all_noised,11.245049229064149,2.668102829441137,0.40561225411365304,1e-05,0.2,0.02,0.2,0.21555408835411072,0.023556383326649666,0.21310199797153473
200,2.0,11.732851621374003,2,edge_flip_vem,,,,1e-05,0.2,0.02,0.2,0.2024194598197937,0.018592271953821182,0.20140935480594635
200,2.0,11.732851621374003,2,sbm_dpsgd_all_noised,11.245049229064149,2.668102829441137,0.40561225411365304,1e-05,0.2,0.02,0.2,0.17457325756549835,0.08222755044698715,0.17863619327545166
200,2.0,11.732851621374003,3,edge_flip_vem,,,,1e-05,0.2,0.02,0.2,0.19777292013168335,0.021892325952649117,0.2003992348909378
200,2.0,11.732851621374003,3,sbm_dpsgd_all_noised,11.245049229064149,2.668102829441137,0.40561225411365304,1e-05,0.2,0.02,0.2,0.21896003186702728,0.017122609540820122,0.21345500648021698
200,2.0,11.732851621374003,4,edge_flip_vem,,,,1e-05,0.2,0.02,0.2,0.20100529491901398,0.01899227872490883,0.21070243418216705
200,2.0,11.732851621374003,4,sbm_dpsgd_all_noised,11.245049229064149,2.668102829441137,0.40561225411365304,1e-05,0.2,0.02,0.2,0.2092767208814621,0.021118754521012306,0.22119596600532532
200,2.0,11.732851621374003,5,edge_flip_vem,,,,1e-05,0.2,0.02,0.2,0.18645961582660675,0.020092297345399857,0.19252032041549683
200,2.0,11.732851621374003,5,sbm_dpsgd_all_noised,11.245049229064149,2.668102829441137,0.40561225411365304,1e-05,0.2,0.02,0.2,0.21099209785461426,0.01734708994626999,0.20801426470279694
200,2.0,11.732851621374003,6,edge_flip_vem,,,,1e-05,0.2,0.02,0.2,0.19837899506092072,0.022792339324951172,0.19534865021705627
200,2.0,11.732851621374003,6,sbm_dpsgd_all_noised,11.245049229064149,2.668102829441137,0.40561225411365304,1e-05,0.2,0.02,0.2,0.21092623472213745,0.01756872422993183,0.21876254677772522
200,2.0,11.732851621374003,7,edge_flip_vem,,,,1e-05,0.2,0.02,0.2,0.19272233545780182,0.017992263659834862,0.19454054534435272
200,2.0,11.732851621374003,7,sbm_dpsgd_all_noised,11.245049229064149,2.668102829441137,0.40561225411365304,1e-05,0.2,0.02,0.2,0.22709603607654572,0.016276299953460693,0.20192177593708038
200,2.0,11.732851621374003,8,edge_flip_vem,,,,1e-05,0.2,0.02,0.2,0.196762815117836,0.019992295652627945,0.1965607851743698
200,2.0,11.732851621374003,8,sbm_dpsgd_all_noised,11.245049229064149,2.668102829441137,0.40561225411365304,1e-05,0.2,0.02,0.2,0.18075554072856903,0.10188376158475876,0.1628061681985855
200,2.0,11.732851621374003,9,edge_flip_vem,,,,1e-05,0.2,0.02,0.2,0.20363160967826843,0.020192299038171768,0.1874697357416153
200,2.0,11.732851621374003,9,sbm_dpsgd_all_noised,11.245049229064149,2.668102829441137,0.40561225411365304,1e-05,0.2,0.02,0.2,0.23053789138793945,0.023779064416885376,0.19575664401054382
200,2.0,11.732851621374003,10,edge_flip_vem,,,,1e-05,0.2,0.02,0.2,0.20524778962135315,0.02029230073094368,0.1947425752878189
200,2.0,11.732851621374003,10,sbm_dpsgd_all_noised,11.245049229064149,2.668102829441137,0.40561225411365304,1e-05,0.2,0.02,0.2,0.22989851236343384,0.014482197351753712,0.20535476505756378
200,2.0,11.732851621374003,11,edge_flip_vem,,,,1e-05,0.2,0.02,0.2,0.2026214897632599,0.01779226027429104,0.21252064406871796
200,2.0,11.732851621374003,11,sbm_dpsgd_all_noised,11.245049229064149,2.668102829441137,0.40561225411365304,1e-05,0.2,0.02,0.2,0.23053009808063507,0.0141508923843503,0.2304065227508545
200,2.0,11.732851621374003,12,edge_flip_vem,,,,1e-05,0.2,0.02,0.2,0.06430046260356903,0.09609965234994888,0.13485227525234222
200,2.0,11.732851621374003,12,sbm_dpsgd_all_noised,11.245049229064149,2.668102829441137,0.40561225411365304,1e-05,0.2,0.02,0.2,0.22078894078731537,0.01848648674786091,0.21221919357776642
200,2.0,11.732851621374003,13,edge_flip_vem,,,,1e-05,0.2,0.02,0.2,0.20100529491901398,0.021792324259877205,0.1987830400466919
200,2.0,11.732851621374003,13,sbm_dpsgd_all_noised,11.245049229064149,2.668102829441137,0.40561225411365304,1e-05,0.2,0.02,0.2,0.2108161747455597,0.02780577540397644,0.205017551779747
200,2.0,11.732851621374003,14,edge_flip_vem,,,,1e-05,0.2,0.02,0.2,0.20019720494747162,0.02029230073094368,0.20201541483402252
200,2.0,11.732851621374003,14,sbm_dpsgd_all_noised,11.245049229064149,2.668102829441137,0.40561225411365304,1e-05,0.2,0.02,0.2,0.22082294523715973,0.01851150393486023,0.22292323410511017
200,2.0,11.732851621374003,15,edge_flip_vem,,,,1e-05,0.2,0.02,0.2,0.19777292013168335,0.01849227026104927,0.20565183460712433
200,2.0,11.732851621374003,15,sbm_dpsgd_all_noised,11.245049229064149,2.668102829441137,0.40561225411365304,1e-05,0.2,0.02,0.2,0.2013704627752304,0.03314818814396858,0.19947868585586548
200,2.0,11.732851621374003,16,edge_flip_vem,,,,1e-05,0.2,0.02,0.2,0.1949446052312851,0.020992310717701912,0.1951466202735901
200,2.0,11.732851621374003,16,sbm_dpsgd_all_noised,11.245049229064149,2.668102829441137,0.40561225411365304,1e-05,0.2,0.02,0.2,0.19083654880523682,0.0617988146841526,0.1842556893825531
200,2.0,11.732851621374003,17,edge_flip_vem,,,,1e-05,0.2,0.02,0.2,0.1987830400466919,0.019392285495996475,0.20100529491901398
200,2.0,11.732851621374003,17,sbm_dpsgd_all_noised,11.245049229064149,2.668102829441137,0.40561225411365304,1e-05,0.2,0.02,0.2,0.21330058574676514,0.02372289076447487,0.20862585306167603
200,2.0,11.732851621374003,18,edge_flip_vem,,,,1e-05,0.2,0.02,0.2,0.2191874086856842,0.02219233103096485,0.19272233545780182
200,2.0,11.732851621374003,18,sbm_dpsgd_all_noised,11.245049229064149,2.668102829441137,0.40561225411365304,1e-05,0.2,0.02,0.2,0.21917058527469635,0.015110064297914505,0.22736701369285583
200,2.0,11.732851621374003,19,edge_flip_vem,,,,1e-05,0.2,0.02,0.2,0.196762815117836,0.0195922888815403,0.193126380443573
200,2.0,11.732851621374003,19,sbm_dpsgd_all_noised,11.245049229064149,2.668102829441137,0.40561225411365304,1e-05,0.2,0.02,0.2,0.21619626879692078,0.02917439118027687,0.19450804591178894
200,5.0,4.150006096013556,0,edge_flip_vem,,,,1e-05,0.2,0.02,0.2,0.1968531459569931,0.019072329625487328,0.19831259548664093
200,5.0,4.150006096013556,0,sbm_dpsgd_all_noised,3.992894984902444,1.0338953100711687,0.36711225411365295,1e-05,0.2,0.02,0.2,0.20238035917282104,0.03708522766828537,0.19422173500061035
200,5.0,4.150006096013556,1,edge_flip_vem,,,,1e-05,0.2,0.02,0.2,0.19852109253406525,0.020104361698031425,0.19205784797668457
200,5.0,4.150006096013556,1,sbm_dpsgd_all_noised,3.992894984902444,1.0338953100711687,0.36711225411365295,1e-05,0.2,0.02,0.2,0.21432606875896454,0.026540709659457207,0.2089053839445114
200,5.0,4.150006096013556,2,edge_flip_vem,,,,1e-05,0.2,0.02,0.2,0.20310790836811066,0.017627481371164322,0.20602677762508392
200,5.0,4.150006096013556,2,sbm_dpsgd_all_noised,3.992894984902444,1.0338953100711687,0.36711225411365295,1e-05,0.2,0.02,0.2,0.1942407786846161,0.039616942405700684,0.19765865802764893
200,5.0,4.150006096013556,3,edge_flip_vem,,,,1e-05,0.2,0.02,0.2,0.19601918756961823,0.022994056344032288,0.20206543803215027
200,5.0,4.150006096013556,3,sbm_dpsgd_all_noised,3.992894984902444,1.0338953100711687,0.36711225411365295,1e-05,0.2,0.02,0.2,0.2004181295633316,0.027008019387722015,0.21849429607391357
200,5.0,4.150006096013556,4,edge_flip_vem,,,,1e-05,0.2,0.02,0.2,0.20540131628513336,0.019794752821326256,0.20039750635623932
200,5.0,4.150006096013556,4,sbm_dpsgd_all_noised,3.992894984902444,1.0338953100711687,0.36711225411365295,1e-05,0.2,0.02,0.2,0.1774994283914566,0.11505037546157837,0.16650235652923584
200,5.0,4.150006096013556,5,edge_flip_vem,,,,1e-05,0.2,0.02,0.2,0.18851348757743835,0.019278734922409058,0.1958106905221939
200,5.0,4.150006096013556,5,sbm_dpsgd_all_noised,3.992894984902444,1.0338953100711687,0.36711225411365295,1e-05,0.2,0.02,0.2,0.2106950432062149,0.030653322115540504,0.18702979385852814
200,5.0,4.150006096013556,6,edge_flip_vem,,,,1e-05,0.2,0.02,0.2,0.20081450045108795,0.024232497438788414,0.19330880045890808
200,5.0,4.150006096013556,6,sbm_dpsgd_all_noised,3.992894984902444,1.0338953100711687,0.36711225411365295,1e-05,0.2,0.02,0.2,0.21020381152629852,0.03757347911596298,0.19881732761859894
200,5.0,4.150006096013556,7,edge_flip_vem,,,,1e-05,0.2,0.02,0.2,0.19518521428108215,0.015976227819919586,0.19393426179885864
200,5.0,4.150006096013556,7,sbm_dpsgd_all_noised,3.992894984902444,1.0338953100711687,0.36711225411365295,1e-05,0.2,0.02,0.2,0.2202814370393753,0.02050665393471718,0.20186443626880646
200,5.0,4.150006096013556,8,edge_flip_vem,,,,1e-05,0.2,0.02,0.2,0.19435125589370728,0.0218588188290596,0.1956022083759308
200,5.0,4.150006096013556,8,sbm_dpsgd_all_noised,3.992894984902444,1.0338953100711687,0.36711225411365295,1e-05,0.2,0.02,0.2,0.2030555009841919,0.11937637627124786,0.13306768238544464
200,5.0,4.150006096013556,9,edge_flip_vem,,,,1e-05,0.2,0.02,0.2,0.20206543803215027,0.019381938502192497,0.18767951428890228
200,5.0,4.150006096013556,9,sbm_dpsgd_all_noised,3.992894984902444,1.0338953100711687,0.36711225411365295,1e-05,0.2,0.02,0.2,0.22673310339450836,0.024016505107283592,0.19757945835590363
200,5.0,4.150006096013556,10,edge_flip_vem,,,,1e-05,0.2,0.02,0.2,0.19727014005184174,0.020723583176732063,0.20748622715473175
200,5.0,4.150006096013556,10,sbm_dpsgd_all_noised,3.992894984902444,1.0338953100711687,0.36711225411365295,1e-05,0.2,0.02,0.2,0.22497797012329102,0.018739018589258194,0.21468785405158997
200,5.0,4.150006096013556,11,edge_flip_vem,,,,1e-05,0.2,0.02,0.2,0.2047758400440216,0.016182634979486465,0.21165606379508972
200,5.0,4.150006096013556,11,sbm_dpsgd_all_noised,3.992894984902444,1.0338953100711687,0.36711225411365295,1e-05,0.2,0.02,0.2,0.22845619916915894,0.01747128926217556,0.2293284684419632
200,5.0,4.150006096013556,12,edge_flip_vem,,,,1e-05,0.2,0.02,0.2,0.05616410821676254,0.09105192869901657,0.13282985985279083
200,5.0,4.150006096013556,12,sbm_dpsgd_all_noised,3.992894984902444,1.0338953100711687,0.36711225411365295,1e-05,0.2,0.02,0.2,0.1606200635433197,0.1056746244430542,0.18690097332000732
200,5.0,4.150006096013556,13,edge_flip_vem,,,,1e-05,0.2,0.02,0.2,0.20081450045108795,0.02144600637257099,0.1991465538740158
200,5.0,4.150006096013556,13,sbm_dpsgd_all_noised,3.992894984902444,1.0338953100711687,0.36711225411365295,1e-05,0.2,0.02,0.2,0.1848171204328537,0.05762265622615814,0.20299692451953888
200,5.0,4.150006096013556,14,edge_flip_vem,,,,1e-05,0.2,0.02,0.2,0.20164845883846283,0.021239599213004112,0.20289941132068634
200,5.0,4.150006096013556,14,sbm_dpsgd_all_noised,3.992894984902444,1.0338953100711687,0.36711225411365295,1e-05,0.2,0.02,0.2,0.20402126014232635,0.023013953119516373,0.22872880101203918
200,5.0,4.150006096013556,15,edge_flip_vem,,,,1e-05,0.2,0.02,0.2,0.1978956162929535,0.016595447435975075,0.20727773010730743
200,5.0,4.150006096013556,15,sbm_dpsgd_all_noised,3.992894984902444,1.0338953100711687,0.36711225411365295,1e-05,0.2,0.02,0.2,0.18198265135288239,0.08732074499130249,0.17319579422473907
200,5.0,4.150006096013556,16,edge_flip_vem,,,,1e-05,0.2,0.02,0.2,0.0,0.0,0.10808652639389038
200,5.0,4.150006096013556,16,sbm_dpsgd_all_noised,3.992894984902444,1.0338953100711687,0.36711225411365295,1e-05,0.2,0.02,0.2,0.15800262987613678,0.11670646071434021,0.17305074632167816
200,5.0,4.150006096013556,17,edge_flip_vem,,,,1e-05,0.2,0.02,0.2,0.19643616676330566,0.017008261755108833,0.19935505092144012
200,5.0,4.150006096013556,17,sbm_dpsgd_all_noised,3.992894984902444,1.0338953100711687,0.36711225411365295,1e-05,0.2,0.02,0.2,0.23291949927806854,0.02327798306941986,0.20627647638320923
200,5.0,4.150006096013556,18,edge_flip_vem,,,,1e-05,0.2,0.02,0.2,0.22103817760944366,0.023097259923815727,0.18830499053001404
200,5.0,4.150006096013556,18,sbm_dpsgd_all_noised,3.992894984902444,1.0338953100711687,0.36711225411365295,1e-05,0.2,0.02,0.2,0.20950520038604736,0.07107017934322357,0.1710730642080307
200,5.0,4.150006096013556,19,edge_flip_vem,,,,1e-05,0.2,0.02,0.2,0.1958106905221939,0.019072329625487328,0.19768711924552917
200,5.0,4.150006096013556,19,sbm_dpsgd_all_noised,3.992894984902444,1.0338953100711687,0.36711225411365295,1e-05,0.2,0.02,0.2,0.15844888985157013,0.11287257820367813,0.1760837584733963
200,10.0,1.9953178628215948,0,edge_flip_vem,,,,1e-05,0.2,0.02,0.2,0.0,0.0,0.11449838429689407
200,10.0,1.9953178628215948,0,sbm_dpsgd_all_noised,1.9223734183771504,0.5431122541136532,0.361612254113653,1e-05,0.2,0.02,0.2,0.18057465553283691,0.08874832093715668,0.17970559000968933
200,10.0,1.9953178628215948,1,edge_flip_vem,,,,1e-05,0.2,0.02,0.2,0.2096959799528122,0.013747752644121647,0.17367705702781677
200,10.0,1.9953178628215948,1,sbm_dpsgd_all_noised,1.9223734183771504,0.5431122541136532,0.361612254113653,1e-05,0.2,0.02,0.2,0.20441444218158722,0.06510863453149796,0.19156228005886078
200,10.0,1.9953178628215948,2,edge_flip_vem,,,,1e-05,0.2,0.02,0.2,0.10557932406663895,0.18653935194015503,0.09767113626003265
200,10.0,1.9953178628215948,2,sbm_dpsgd_all_noised,1.9223734183771504,0.5431122541136532,0.361612254113653,1e-05,0.2,0.02,0.2,0.17012566328048706,0.09584587067365646,0.18011580407619476
200,10.0,1.9953178628215948,3,edge_flip_vem,,,,1e-05,0.2,0.02,0.2,0.19748064875602722,0.013433439657092094,0.21285046637058258
200,10.0,1.9953178628215948,3,sbm_dpsgd_all_noised,1.9223734183771504,0.5431122541136532,0.361612254113653,1e-05,0.2,0.02,0.2,0.1482914239168167,0.11397691071033478,0.21045953035354614
200,10.0,1.9953178628215948,4,edge_flip_vem,,,,1e-05,0.2,0.02,0.2,0.22455638647079468,0.019350340589880943,0.20499078929424286
200,10.0,1.9953178628215948,4,sbm_dpsgd_all_noised,1.9223734183771504,0.5431122541136532,0.361612254113653,1e-05,0.2,0.02,0.2,0.21292896568775177,0.05351027101278305,0.191269189119339
200,10.0,1.9953178628215948,5,edge_flip_vem,,,,1e-05,0.2,0.02,0.2,0.07896505296230316,0.1486944854259491,0.22519448399543762
200,10.0,1.9953178628215948,5,sbm_dpsgd_all_noised,1.9223734183771504,0.5431122541136532,0.361612254113653,1e-05,0.2,0.02,0.2,0.19842304289340973,0.10464928299188614,0.14800667762756348
200,10.0,1.9953178628215948,6,edge_flip_vem,,,,1e-05,0.2,0.02,0.2,0.0,0.22582148015499115,0.1034972071647644
200,10.0,1.9953178628215948,6,sbm_dpsgd_all_noised,1.9223734183771504,0.5431122541136532,0.361612254113653,1e-05,0.2,0.02,0.2,0.2153744399547577,0.07790325582027435,0.17433106899261475
200,10.0,1.9953178628215948,7,edge_flip_vem,,,,1e-05,0.2,0.02,0.2,0.19740211963653564,0.021717101335525513,0.18862895667552948
200,10.0,1.9953178628215948,7,sbm_dpsgd_all_noised,1.9223734183771504,0.5431122541136532,0.361612254113653,1e-05,0.2,0.02,0.2,0.1886664181947708,0.08737733960151672,0.16665081679821014
200,10.0,1.9953178628215948,8,edge_flip_vem,,,,1e-05,0.2,0.02,0.2,0.0,0.0,0.11112896353006363
200,10.0,1.9953178628215948,8,sbm_dpsgd_all_noised,1.9223734183771504,0.5431122541136532,0.361612254113653,1e-05,0.2,0.02,0.2,0.18816378712654114,0.12135863304138184,0.14716412127017975
200,10.0,1.9953178628215948,9,edge_flip_vem,,,,1e-05,0.2,0.02,0.2,0.0,0.0,0.10683459788560867
200,10.0,1.9953178628215948,9,sbm_dpsgd_all_noised,1.9223734183771504,0.5431122541136532,0.361612254113653,1e-05,0.2,0.02,0.2,0.1995048224925995,0.05887867510318756,0.19074663519859314
200,10.0,1.9953178628215948,10,edge_flip_vem,,,,1e-05,0.2,0.02,0.2,0.19550496339797974,0.01527425367385149,0.21622538566589355
200,10.0,1.9953178628215948,10,sbm_dpsgd_all_noised,1.9223734183771504,0.5431122541136532,0.361612254113653,1e-05,0.2,0.02,0.2,0.18881329894065857,0.0718836709856987,0.20337851345539093
200,10.0,1.9953178628215948,11,edge_flip_vem,,,,1e-05,0.2,0.02,0.2,0.10795774310827255,0.0,0.0
200,10.0,1.9953178628215948,11,sbm_dpsgd_all_noised,1.9223734183771504,0.5431122541136532,0.361612254113653,1e-05,0.2,0.02,0.2,0.177998885512352,0.11673111468553543,0.19709211587905884
200,10.0,1.9953178628215948,12,edge_flip_vem,,,,1e-05,0.2,0.02,0.2,0.0,0.02837284654378891,0.11474289000034332
200,10.0,1.9953178628215948,12,sbm_dpsgd_all_noised,1.9223734183771504,0.5431122541136532,0.361612254113653,1e-05,0.2,0.02,0.2,0.18012337386608124,0.11886836588382721,0.18295656144618988
200,10.0,1.9953178628215948,13,edge_flip_vem,,,,1e-05,0.2,0.02,0.2,0.0,0.0,0.11304491013288498
200,10.0,1.9953178628215948,13,sbm_dpsgd_all_noised,1.9223734183771504,0.5431122541136532,0.361612254113653,1e-05,0.2,0.02,0.2,0.16462600231170654,0.1095489040017128,0.1943770945072174
200,10.0,1.9953178628215948,14,edge_flip_vem,,,,1e-05,0.2,0.02,0.2,0.0,0.0,0.10894874483346939
200,10.0,1.9953178628215948,14,sbm_dpsgd_all_noised,1.9223734183771504,0.5431122541136532,0.361612254113653,1e-05,0.2,0.02,0.2,0.1743580400943756,0.09731368720531464,0.20343679189682007
200,10.0,1.9953178628215948,15,edge_flip_vem,,,,1e-05,0.2,0.02,0.2,0.10597572475671768,0.0,0.0
200,10.0,1.9953178628215948,15,sbm_dpsgd_all_noised,1.9223734183771504,0.5431122541136532,0.361612254113653,1e-05,0.2,0.02,0.2,0.17535598576068878,0.09365467727184296,0.18622878193855286
200,10.0,1.9953178628215948,16,edge_flip_vem,,,,1e-05,0.2,0.02,0.2,0.024760080501437187,0.043065592646598816,0.12163690477609634
200,10.0,1.9953178628215948,16,sbm_dpsgd_all_noised,1.9223734183771504,0.5431122541136532,0.361612254113653,1e-05,0.2,0.02,0.2,0.1545698046684265,0.12240943312644958,0.19407835602760315
200,10.0,1.9953178628215948,17,edge_flip_vem,,,,1e-05,0.2,0.02,0.2,0.24659079313278198,0.14568772912025452,0.08448871225118637
200,10.0,1.9953178628215948,17,sbm_dpsgd_all_noised,1.9223734183771504,0.5431122541136532,0.361612254113653,1e-05,0.2,0.02,0.2,0.20017610490322113,0.08096858859062195,0.19161340594291687
200,10.0,1.9953178628215948,18,edge_flip_vem,,,,1e-05,0.2,0.02,0.2,0.11667859554290771,0.0,0.0
200,10.0,1.9953178628215948,18,sbm_dpsgd_all_noised,1.9223734183771504,0.5431122541136532,0.361612254113653,1e-05,0.2,0.02,0.2,0.20071667432785034,0.14543269574642181,0.14235228300094604
200,10.0,1.9953178628215948,19,edge_flip_vem,,,,1e-05,0.2,0.02,0.2,0.0,0.0,0.10881661623716354
200,10.0,1.9953178628215948,19,sbm_dpsgd_all_noised,1.9223734183771504,0.5431122541136532,0.361612254113653,1e-05,0.2,0.02,0.2,0.16219092905521393,0.12241814285516739,0.19692544639110565
200,20.0,0.9777376351145003,0,edge_flip_vem,,,,1e-05,0.2,0.02,0.2,0.09561165422201157,0.0,0.0
200,20.0,0.9777376351145003,0,sbm_dpsgd_all_noised,0.9419985000802904,0.40561225411365304,0.360237254113653,1e-05,0.2,0.02,0.2,0.1798323690891266,0.12984560430049896,0.2181197702884674
200,20.0,0.9777376351145003,1,edge_flip_vem,,,,1e-05,0.2,0.02,0.2,0.4264681339263916,0.3199606239795685,0.10307871550321579
200,20.0,0.9777376351145003,1,sbm_dpsgd_all_noised,0.9419985000802904,0.40561225411365304,0.360237254113653,1e-05,0.2,0.02,0.2,0.20371006429195404,0.1454399973154068,0.17489567399024963
200,20.0,0.9777376351145003,2,edge_flip_vem,,,,1e-05,0.2,0.02,0.2,0.16008850932121277,0.026753468438982964,0.0
200,20.0,0.9777376351145003,2,sbm_dpsgd_all_noised,0.9419985000802904,0.40561225411365304,0.360237254113653,1e-05,0.2,0.02,0.2,0.1485128402709961,0.1296863704919815,0.19221071898937225
200,20.0,0.9777376351145003,3,edge_flip_vem,,,,1e-05,0.2,0.02,0.2,0.3529362678527832,0.24598534405231476,0.07888197153806686
200,20.0,0.9777376351145003,3,sbm_dpsgd_all_noised,0.9419985000802904,0.40561225411365304,0.360237254113653,1e-05,0.2,0.02,0.2,0.1757778823375702,0.1218995600938797,0.2095375657081604
200,20.0,0.9777376351145003,4,edge_flip_vem,,,,1e-05,0.2,0.02,0.2,0.3337710201740265,0.16771575808525085,0.05038938298821449
200,20.0,0.9777376351145003,4,sbm_dpsgd_all_noised,0.9419985000802904,0.40561225411365304,0.360237254113653,1e-05,0.2,0.02,0.2,0.18664102256298065,0.1280159205198288,0.2022428810596466
200,20.0,0.9777376351145003,5,edge_flip_vem,,,,1e-05,0.2,0.02,0.2,0.09368175268173218,0.2517832815647125,0.867659330368042
200,20.0,0.9777376351145003,5,sbm_dpsgd_all_noised,0.9419985000802904,0.40561225411365304,0.360237254113653,1e-05,0.2,0.02,0.2,0.20581859350204468,0.11945503950119019,0.171565979719162
200,20.0,0.9777376351145003,6,edge_flip_vem,,,,1e-05,0.2,0.02,0.2,0.0,0.0,0.12653937935829163
200,20.0,0.9777376351145003,6,sbm_dpsgd_all_noised,0.9419985000802904,0.40561225411365304,0.360237254113653,1e-05,0.2,0.02,0.2,0.22292207181453705,0.13456152379512787,0.17751164734363556
200,20.0,0.9777376351145003,7,edge_flip_vem,,,,1e-05,0.2,0.02,0.2,0.05880877003073692,0.2975045442581177,0.09980235248804092
200,20.0,0.9777376351145003,7,sbm_dpsgd_all_noised,0.9419985000802904,0.40561225411365304,0.360237254113653,1e-05,0.2,0.02,0.2,0.19497251510620117,0.12928497791290283,0.1762184351682663
200,20.0,0.9777376351145003,8,edge_flip_vem,,,,1e-05,0.2,0.02,0.2,0.39972925186157227,0.2177773118019104,0.06694474816322327
200,20.0,0.9777376351145003,8,sbm_dpsgd_all_noised,0.9419985000802904,0.40561225411365304,0.360237254113653,1e-05,0.2,0.02,0.2,0.16810420155525208,0.13339345157146454,0.19815216958522797
200,20.0,0.9777376351145003,9,edge_flip_vem,,,,1e-05,0.2,0.02,0.2,0.0,0.028487678617239,0.17168749868869781
200,20.0,0.9777376351145003,9,sbm_dpsgd_all_noised,0.9419985000802904,0.40561225411365304,0.360237254113653,1e-05,0.2,0.02,0.2,0.20969080924987793,0.09869054704904556,0.17874671518802643
200,20.0,0.9777376351145003,10,edge_flip_vem,,,,1e-05,0.2,0.02,0.2,0.09996619820594788,0.3339000940322876,0.867659330368042
200,20.0,0.9777376351145003,10,sbm_dpsgd_all_noised,0.9419985000802904,0.40561225411365304,0.360237254113653,1e-05,0.2,0.02,0.2,0.1751013547182083,0.14248442649841309,0.23111969232559204
200,20.0,0.9777376351145003,11,edge_flip_vem,,,,1e-05,0.2,0.02,0.2,0.0,0.06574784964323044,0.18749822676181793
200,20.0,0.9777376351145003,11,sbm_dpsgd_all_noised,0.9419985000802904,0.40561225411365304,0.360237254113653,1e-05,0.2,0.02,0.2,0.23436687886714935,0.12196122109889984,0.21236218512058258
200,20.0,0.9777376351145003,12,edge_flip_vem,,,,1e-05,0.2,0.02,0.2,0.0,0.0,0.1048123762011528
200,20.0,0.9777376351145003,12,sbm_dpsgd_all_noised,0.9419985000802904,0.40561225411365304,0.360237254113653,1e-05,0.2,0.02,0.2,0.2033616453409195,0.15108391642570496,0.19740617275238037
200,20.0,0.9777376351145003,13,edge_flip_vem,,,,1e-05,0.2,0.02,0.2,0.0,0.0,0.10326045006513596
200,20.0,0.9777376351145003,13,sbm_dpsgd_all_noised,0.9419985000802904,0.40561225411365304,0.360237254113653,1e-05,0.2,0.02,0.2,0.1818293333053589,0.12223924696445465,0.23051272332668304
200,20.0,0.9777376351145003,14,edge_flip_vem,,,,1e-05,0.2,0.02,0.2,0.0,0.0,0.10348214954137802
200,20.0,0.9777376351145003,14,sbm_dpsgd_all_noised,0.9419985000802904,0.40561225411365304,0.360237254113653,1e-05,0.2,0.02,0.2,0.16876378655433655,0.154240682721138,0.2023327797651291
200,20.0,0.9777376351145003,15,edge_flip_vem,,,,1e-05,0.2,0.02,0.2,0.0,0.0,0.10680771619081497
200,20.0,0.9777376351145003,15,sbm_dpsgd_all_noised,0.9419985000802904,0.40561225411365304,0.360237254113653,1e-05,0.2,0.02,0.2,0.17567719519138336,0.10549896955490112,0.23086212575435638
200,20.0,0.9777376351145003,16,edge_flip_vem,,,,1e-05,0.2,0.02,0.2,0.11831913143396378,0.0,0.0
200,20.0,0.9777376351145003,16,sbm_dpsgd_all_noised,0.9419985000802904,0.40561225411365304,0.360237254113653,1e-05,0.2,0.02,0.2,0.17746104300022125,0.14552807807922363,0.1998579353094101
200,20.0,0.9777376351145003,17,edge_flip_vem,,,,1e-05,0.2,0.02,0.2,0.0,0.027098149061203003,0.16667863726615906
200,20.0,0.9777376351145003,17,sbm_dpsgd_all_noised,0.9419985000802904,0.40561225411365304,0.360237254113653,1e-05,0.2,0.02,0.2,0.18325670063495636,0.15199632942676544,0.21099285781383514
200,20.0,0.9777376351145003,18,edge_flip_vem,,,,1e-05,0.2,0.02,0.2,0.0,0.0,0.10847049206495285
200,20.0,0.9777376351145003,18,sbm_dpsgd_all_noised,0.9419985000802904,0.40561225411365304,0.360237254113653,1e-05,0.2,0.02,0.2,0.22694842517375946,0.15086551010608673,0.1617840677499771
200,20.0,0.9777376351145003,19,edge_flip_vem,,,,1e-05,0.2,0.02,0.2,0.11756036430597305,0.0,0.0
200,20.0,0.9777376351145003,19,sbm_dpsgd_all_noised,0.9419985000802904,0.40561225411365304,0.360237254113653,1e-05,0.2,0.02,0.2,0.19101347029209137,0.13126176595687866,0.24552428722381592
500,0.5,75.26107361311833,0,edge_flip_vem,,,,1e-05,0.2,0.02,0.2,0.2009638547897339,0.020096000283956528,0.2017991989850998
500,0.5,75.26107361311833,0,sbm_dpsgd_all_noised,70.77218472422943,12.423129399151788,1.0338953100711687,1e-05,0.2,0.02,0.2,0.22617225348949432,0.013710682280361652,0.21052990853786469
500,0.5,75.26107361311833,1,edge_flip_vem,,,,1e-05,0.2,0.02,0.2,0.20048192143440247,0.020447999238967896,0.20022490620613098
500,0.5,75.26107361311833,1,sbm_dpsgd_all_noised,70.77218472422943,12.423129399151788,1.0338953100711687,1e-05,0.2,0.02,0.2,0.20489664375782013,0.03021957352757454,0.20007427036762238
500,0.5,75.26107361311833,2,edge_flip_vem,,,,1e-05,0.2,0.02,0.2,0.19900400936603546,0.019791999831795692,0.19736546277999878
500,0.5,75.26107361311833,2,sbm_dpsgd_all_noised,70.77218472422943,12.423129399151788,1.0338953100711687,1e-05,0.2,0.02,0.2,0.22255811095237732,0.017244644463062286,0.1994684934616089
500,0.5,75.26107361311833,3,edge_flip_vem,,,,1e-05,0.2,0.02,0.2,0.20205622911453247,0.020800000056624413,0.19514858722686768
500,0.5,75.26107361311833,3,sbm_dpsgd_all_noised,70.77218472422943,12.423129399151788,1.0338953100711687,1e-05,0.2,0.02,0.2,0.2157423049211502,0.012435593642294407,0.2179696261882782
500,0.5,75.26107361311833,4,edge_flip_vem,,,,1e-05,0.2,0.02,0.2,0.20224899053573608,0.019360000267624855,0.20025703310966492
500,0.5,75.26107361311833,4,sbm_dpsgd_all_noised,70.77218472422943,12.423129399151788,1.0338953100711687,1e-05,0.2,0.02,0.2,0.22086995840072632,0.01886482536792755,0.199087992310524
500,0.5,75.26107361311833,5,edge_flip_vem,,,,1e-05,0.2,0.02,0.2,0.2008032202720642,0.019680000841617584,0.19980722665786743
500,0.5,75.26107361311833,5,sbm_dpsgd_all_noised,70.77218472422943,12.423129399151788,1.0338953100711687,1e-05,0.2,0.02,0.2,0.21853183209896088,0.011091620661318302,0.21482175588607788
500,0.5,75.26107361311833,6,edge_flip_vem,,,,1e-05,0.2,0.02,0.2,0.1998714804649353,0.020080000162124634,0.1989397555589676
500,0.5,75.26107361311833,6,sbm_dpsgd_all_noised,70.77218472422943,12.423129399151788,1.0338953100711687,1e-05,0.2,0.02,0.2,0.22807158529758453,0.011681010015308857,0.21254658699035645
500,0.5,75.26107361311833,7,edge_flip_vem,,,,1e-05,0.2,0.02,0.2,0.1998714804649353,0.019519999623298645,0.19579117000102997
500,0.5,75.26107361311833,7,sbm_dpsgd_all_noised,70.77218472422943,12.423129399151788,1.0338953100711687,1e-05,0.2,0.02,0.2,0.20663438737392426,0.012014495208859444,0.22932612895965576
500,0.5,75.26107361311833,8,edge_flip_vem,,,,1e-05,0.2,0.02,0.2,0.20131726562976837,0.020447999238967896,0.20000000298023224
500,0.5,75.26107361311833,8,sbm_dpsgd_all_noised,70.77218472422943,12.423129399151788,1.0338953100711687,1e-05,0.2,0.02,0.2,0.2295437455177307,0.012677183374762535,0.21223315596580505
500,0.5,75.26107361311833,9,edge_flip_vem,,,,1e-05,0.2,0.02,0.2,0.20019276440143585,0.020719999447464943,0.19688352942466736
500,0.5,75.26107361311833,9,sbm_dpsgd_all_noised,70.77218472422943,12.423129399151788,1.0338953100711687,1e-05,0.2,0.02,0.2,0.2203293740749359,0.011173472739756107,0.21089179813861847
500,0.5,75.26107361311833,10,edge_flip_vem,,,,1e-05,0.2,0.02,0.2,0.19823293387889862,0.02027199976146221,0.19810441136360168
500,0.5,75.26107361311833,10,sbm_dpsgd_all_noised,70.77218472422943,12.423129399151788,1.0338953100711687,1e-05,0.2,0.02,0.2,0.2147088646888733,0.013197251595556736,0.22547803819179535
500,0.5,75.26107361311833,11,edge_flip_vem,,,,1e-05,0.2,0.02,0.2,0.20295582711696625,0.020255999639630318,0.1989397555589676
500,0.5,75.26107361311833,11,sbm_dpsgd_all_noised,70.77218472422943,12.423129399151788,1.0338953100711687,1e-05,0.2,0.02,0.2,0.22011050581932068,0.011516050435602665,0.2181212306022644
500,0.5,75.26107361311833,12,edge_flip_vem,,,,1e-05,0.2,0.02,0.2,0.19669076800346375,0.019920000806450844,0.1968192756175995
500,0.5,75.26107361311833,12,sbm_dpsgd_all_noised,70.77218472422943,12.423129399151788,1.0338953100711687,1e-05,0.2,0.02,0.2,0.21637339890003204,0.013956548646092415,0.21106484532356262
500,0.5,75.26107361311833,13,edge_flip_vem,,,,1e-05,0.2,0.02,0.2,0.19919678568840027,0.02051199972629547,0.2034698724746704
500,0.5,75.26107361311833,13,sbm_dpsgd_all_noised,70.77218472422943,12.423129399151788,1.0338953100711687,1e-05,0.2,0.02,0.2,0.22009116411209106,0.012180812656879425,0.21991543471813202
500,0.5,75.26107361311833,14,edge_flip_vem,,,,1e-05,0.2,0.02,0.2,0.20025703310966492,0.020287999883294106,0.20009638369083405
500,0.5,75.26107361311833,14,sbm_dpsgd_all_noised,70.77218472422943,12.423129399151788,1.0338953100711687,1e-05,0.2,0.02,0.2,0.22779597342014313,0.012470928020775318,0.21451731026172638
500,0.5,75.26107361311833,15,edge_flip_vem,,,,1e-05,0.2,0.02,0.2,0.20221686363220215,0.019791999831795692,0.19791164994239807
500,0.5,75.26107361311833,15,sbm_dpsgd_all_noised,70.77218472422943,12.423129399151788,1.0338953100711687,1e-05,0.2,0.02,0.2,0.21541786193847656,0.011284616775810719,0.22066400945186615
500,0.5,75.26107361311833,16,edge_flip_vem,,,,1e-05,0.2,0.02,0.2,0.20099598169326782,0.019519999623298645,0.20131726562976837
500,0.5,75.26107361311833,16,sbm_dpsgd_all_noised,70.77218472422943,12.423129399151788,1.0338953100711687,1e-05,0.2,0.02,0.2,0.1973288506269455,0.018789706751704216,0.22308935225009918
500,0.5,75.26107361311833,17,edge_flip_vem,,,,1e-05,0.2,0.02,0.2,0.20591165125370026,0.02070399932563305,0.19855421781539917
500,0.5,75.26107361311833,17,sbm_dpsgd_all_noised,70.77218472422943,12.423129399151788,1.0338953100711687,1e-05,0.2,0.02,0.2,0.2139938622713089,0.03281782940030098,0.18923543393611908
500,0.5,75.26107361311833,18,edge_flip_vem,,,,1e-05,0.2,0.02,0.2,0.19926103949546814,0.01934400014579296,0.199421688914299
500,0.5,75.26107361311833,18,sbm_dpsgd_all_noised,70.77218472422943,12.423129399151788,1.0338953100711687,1e-05,0.2,0.02,0.2,0.20417746901512146,0.018137356266379356,0.21397367119789124
500,0.5,75.26107361311833,19,edge_flip_vem,,,,1e-05,0.2,0.02,0.2,0.2038232982158661,0.02014400064945221,0.20122088491916656
500,0.5,75.26107361311833,19,sbm_dpsgd_all_noised,70.77218472422943,12.423129399151788,1.0338953100711687,1e-05,0.2,0.02,0.2,0.2273527979850769,0.015425866469740868,0.2027256339788437
500,1.0,27.449962502007253,0,edge_flip_vem,,,,1e-05,0.2,0.02,0.2,0.2009638547897339,0.020096000283956528,0.2017991989850998
500,1.0,27.449962502007253,0,sbm_dpsgd_all_noised,26.32774027978503,5.635918426327381,0.5431122541136532,1e-05,0.2,0.02,0.2,0.22870208323001862,0.012805916368961334,0.21044550836086273
500,1.0,27.449962502007253,1,edge_flip_vem,,,,1e-05,0.2,0.02,0.2,0.20048192143440247,0.020447999238967896,0.20022490620613098
500,1.0,27.449962502007253,1,sbm_dpsgd_all_noised,26.32774027978503,5.635918426327381,0.5431122541136532,1e-05,0.2,0.02,0.2,0.2055170089006424,0.033270470798015594,0.19577264785766602
500,1.0,27.449962502007253,2,edge_flip_vem,,,,1e-05,0.2,0.02,0.2,0.19900400936603546,0.019791999831795692,0.19736546277999878
500,1.0,27.449962502007253,2,sbm_dpsgd_all_noised,26.32774027978503,5.635918426327381,0.5431122541136532,1e-05,0.2,0.02,0.2,0.2190018892288208,0.01901019923388958,0.19965945184230804
500,1.0,27.449962502007253,3,edge_flip_vem,,,,1e-05,0.2,0.02,0.2,0.20205622911453247,0.020800000056624413,0.19514858722686768
500,1.0,27.449962502007253,3,sbm_dpsgd_all_noised,26.32774027978503,5.635918426327381,0.5431122541136532,1e-05,0.2,0.02,0.2,0.2149192839860916,0.012443478219211102,0.21882887184619904
500,1.0,27.449962502007253,4,edge_flip_vem,,,,1e-05,0.2,0.02,0.2,0.20224899053573608,0.019360000267624855,0.20025703310966492
500,1.0,27.449962502007253,4,sbm_dpsgd_all_noised,26.32774027978503,5.635918426327381,0.5431122541136532,1e-05,0.2,0.02,0.2,0.21070757508277893,0.03031289204955101,0.19092996418476105
500,1.0,27.449962502007253,5,edge_flip_vem,,,,1e-05,0.2,0.02,0.2,0.2008032202720642,0.019680000841617584,0.19980722665786743
500,1.0,27.449962502007253,5,sbm_dpsgd_all_noised,26.32774027978503,5.635918426327381,0.5431122541136532,1e-05,0.2,0.02,0.2,0.22222596406936646,0.011235971003770828,0.21257546544075012
500,1.0,27.449962502007253,6,edge_flip_vem,,,,1e-05,0.2,0.02,0.2,0.1998714804649353,0.020080000162124634,0.1989397555589676
500,1.0,27.449962502007253,6,sbm_dpsgd_all_noised,26.32774027978503,5.635918426327381,0.5431122541136532,1e-05,0.2,0.02,0.2,0.2281050980091095,0.011409063823521137,0.21129471063613892
500,1.0,27.449962502007253,7,edge_flip_vem,,,,1e-05,0.2,0.02,0.2,0.1998714804649353,0.019519999623298645,0.19579117000102997
500,1.0,27.449962502007253,7,sbm_dpsgd_all_noised,26.32774027978503,5.635918426327381,0.5431122541136532,1e-05,0.2,0.02,0.2,0.20795521140098572,0.011997616849839687,0.22613310813903809
500,1.0,27.449962502007253,8,edge_flip_vem,,,,1e-05,0.2,0.02,0.2,0.20131726562976837,0.020447999238967896,0.20000000298023224
500,1.0,27.449962502007253,8,sbm_dpsgd_all_noised,26.32774027978503,5.635918426327381,0.5431122541136532,1e-05,0.2,0.02,0.2,0.22927846014499664,0.012838962487876415,0.2096412032842636
500,1.0,27.449962502007253,9,edge_flip_vem,,,,1e-05,0.2,0.02,0.2,0.20019276440143585,0.020719999447464943,0.19688352942466736
500,1.0,27.449962502007253,9,sbm_dpsgd_all_noised,26.32774027978503,5.635918426327381,0.5431122541136532,1e-05,0.2,0.02,0.2,0.21959762275218964,0.011113355867564678,0.21103371679782867
500,1.0,27.449962502007253,10,edge_flip_vem,,,,1e-05,0.2,0.02,0.2,0.19823293387889862,0.02027199976146221,0.19810441136360168
500,1.0,27.449962502007253,10,sbm_dpsgd_all_noised,26.32774027978503,5.635918426327381,0.5431122541136532,1e-05,0.2,0.02,0.2,0.21605534851551056,0.013217957690358162,0.22354567050933838
500,1.0,27.449962502007253,11,edge_flip_vem,,,,1e-05,0.2,0.02,0.2,0.20295582711696625,0.020255999639630318,0.1989397555589676
500,1.0,27.449962502007253,11,sbm_dpsgd_all_noised,26.32774027978503,5.635918426327381,0.5431122541136532,1e-05,0.2,0.02,0.2,0.22159093618392944,0.011677575297653675,0.21706201136112213
500,1.0,27.449962502007253,12,edge_flip_vem,,,,1e-05,0.2,0.02,0.2,0.19669076800346375,0.019920000806450844,0.1968192756175995
500,1.0,27.449962502007253,12,sbm_dpsgd_all_noised,26.32774027978503,5.635918426327381,0.5431122541136532,1e-05,0.2,0.02,0.2,0.21812181174755096,0.01420388463884592,0.2087327539920807
500,1.0,27.449962502007253,13,edge_flip_vem,,,,1e-05,0.2,0.02,0.2,0.19919678568840027,0.02051199972629547,0.2034698724746704
500,1.0,27.449962502007253,13,sbm_dpsgd_all_noised,26.32774027978503,5.635918426327381,0.5431122541136532,1e-05,0.2,0.02,0.2,0.22218801081180573,0.012028942815959454,0.2184869945049286
500,1.0,27.449962502007253,14,edge_flip_vem,,,,1e-05,0.2,0.02,0.2,0.20025703310966492,0.020287999883294106,0.20009638369083405
500,1.0,27.449962502007253,14,sbm_dpsgd_all_noised,26.32774027978503,5.635918426327381,0.5431122541136532,1e-05,0.2,0.02,0.2,0.22622494399547577,0.012592966668307781,0.21543046832084656
500,1.0,27.449962502007253,15,edge_flip_vem,,,,1e-05,0.2,0.02,0.2,0.20221686363220215,0.019791999831795692,0.19791164994239807
500,1.0,27.449962502007253,15,sbm_dpsgd_all_noised,26.32774027978503,5.635918426327381,0.5431122541136532,1e-05,0.2,0.02,0.2,0.21796177327632904,0.01155677530914545,0.21830132603645325
500,1.0,27.449962502007253,16,edge_flip_vem,,,,1e-05,0.2,0.02,0.2,0.20099598169326782,0.019519999623298645,0.20131726562976837
500,1.0,27.449962502007253,16,sbm_dpsgd_all_noised,26.32774027978503,5.635918426327381,0.5431122541136532,1e-05,0.2,0.02,0.2,0.2006428986787796,0.015789777040481567,0.2267141491174698
500,1.0,27.449962502007253,17,edge_flip_vem,,,,1e-05,0.2,0.02,0.2,0.20591165125370026,0.02070399932563305,0.19855421781539917
500,1.0,27.449962502007253,17,sbm_dpsgd_all_noised,26.32774027978503,5.635918426327381,0.5431122541136532,1e-05,0.2,0.02,0.2,0.21094806492328644,0.033197902143001556,0.19100424647331238
500,1.0,27.449962502007253,18,edge_flip_vem,,,,1e-05,0.2,0.02,0.2,0.19926103949546814,0.01934400014579296,0.199421688914299
500,1.0,27.449962502007253,18,sbm_dpsgd_all_noised,26.32774027978503,5.635918426327381,0.5431122541136532,1e-05,0.2,0.02,0.2,0.20723700523376465,0.014104589819908142,0.21949295699596405
500,1.0,27.449962502007253,19,edge_flip_vem,,,,1e-05,0.2,0.02,0.2,0.2038232982158661,0.02014400064945221,0.20122088491916656
500,1.0,27.449962502007253,19,sbm_dpsgd_all_noised,26.32774027978503,5.635918426327381,0.5431122541136532,1e-05,0.2,0.02,0.2,0.23073269426822662,0.012203648686408997,0.2084164172410965
500,2.0,11.732851621374003,0,edge_flip_vem,,,,1e-05,0.2,0.02,0.2,0.20095905661582947,0.02008829638361931,0.20179441571235657
500,2.0,11.732851621374003,0,sbm_dpsgd_all_noised,11.245049229064149,2.668102829441137,0.40561225411365304,1e-05,0.2,0.02,0.2,0.2297242134809494,0.010934497229754925,0.21387262642383575
500,2.0,11.732851621374003,1,edge_flip_vem,,,,1e-05,0.2,0.02,0.2,0.20050925016403198,0.020440302789211273,0.20022009313106537
500,2.0,11.732851621374003,1,sbm_dpsgd_all_noised,11.245049229064149,2.668102829441137,0.40561225411365304,1e-05,0.2,0.02,0.2,0.19494152069091797,0.060847874730825424,0.1783098429441452
500,2.0,11.732851621374003,2,edge_flip_vem,,,,1e-05,0.2,0.02,0.2,0.19899918138980865,0.019784292206168175,0.19736060500144958
500,2.0,11.732851621374003,2,sbm_dpsgd_all_noised,11.245049229064149,2.668102829441137,0.40561225411365304,1e-05,0.2,0.02,0.2,0.2222766876220703,0.013840766623616219,0.2073214203119278
500,2.0,11.732851621374003,3,edge_flip_vem,,,,1e-05,0.2,0.02,0.2,0.20205144584178925,0.020824309438467026,0.19517582654953003
500,2.0,11.732851621374003,3,sbm_dpsgd_all_noised,11.245049229064149,2.668102829441137,0.40561225411365304,1e-05,0.2,0.02,0.2,0.2123340517282486,0.012290643528103828,0.22001706063747406
500,2.0,11.732851621374003,4,edge_flip_vem,,,,1e-05,0.2,0.02,0.2,0.20224422216415405,0.01935228519141674,0.2002522200345993
500,2.0,11.732851621374003,4,sbm_dpsgd_all_noised,11.245049229064149,2.668102829441137,0.40561225411365304,1e-05,0.2,0.02,0.2,0.21136368811130524,0.029948243871331215,0.19012725353240967
500,2.0,11.732851621374003,5,edge_flip_vem,,,,1e-05,0.2,0.02,0.2,0.2007984071969986,0.019672289490699768,0.19980241358280182
500,2.0,11.732851621374003,5,sbm_dpsgd_all_noised,11.245049229064149,2.668102829441137,0.40561225411365304,1e-05,0.2,0.02,0.2,0.22365398705005646,0.012018140405416489,0.21217410266399384
500,2.0,11.732851621374003,6,edge_flip_vem,,,,1e-05,0.2,0.02,0.2,0.1998666673898697,0.020072296261787415,0.19893492758274078
500,2.0,11.732851621374003,6,sbm_dpsgd_all_noised,11.245049229064149,2.668102829441137,0.40561225411365304,1e-05,0.2,0.02,0.2,0.22562441229820251,0.011338990181684494,0.21037182211875916
500,2.0,11.732851621374003,7,edge_flip_vem,,,,1e-05,0.2,0.02,0.2,0.1998666673898697,0.019528288394212723,0.1957862824201584
500,2.0,11.732851621374003,7,sbm_dpsgd_all_noised,11.245049229064149,2.668102829441137,0.40561225411365304,1e-05,0.2,0.02,0.2,0.20551712810993195,0.011883996427059174,0.22836698591709137
500,2.0,11.732851621374003,8,edge_flip_vem,,,,1e-05,0.2,0.02,0.2,0.20134460926055908,0.020440302789211273,0.20002731680870056
500,2.0,11.732851621374003,8,sbm_dpsgd_all_noised,11.245049229064149,2.668102829441137,0.40561225411365304,1e-05,0.2,0.02,0.2,0.22639381885528564,0.013634765520691872,0.20973561704158783
500,2.0,11.732851621374003,9,edge_flip_vem,,,,1e-05,0.2,0.02,0.2,0.20018795132637024,0.02071230672299862,0.19684654474258423
500,2.0,11.732851621374003,9,sbm_dpsgd_all_noised,11.245049229064149,2.668102829441137,0.40561225411365304,1e-05,0.2,0.02,0.2,0.21811479330062866,0.011156885884702206,0.21274521946907043
500,2.0,11.732851621374003,10,edge_flip_vem,,,,1e-05,0.2,0.02,0.2,0.19822809100151062,0.02026429958641529,0.19809956848621368
500,2.0,11.732851621374003,10,sbm_dpsgd_all_noised,11.245049229064149,2.668102829441137,0.40561225411365304,1e-05,0.2,0.02,0.2,0.2149576097726822,0.012244397774338722,0.22552286088466644
500,2.0,11.732851621374003,11,edge_flip_vem,,,,1e-05,0.2,0.02,0.2,0.20295105874538422,0.02026429958641529,0.19893492758274078
500,2.0,11.732851621374003,11,sbm_dpsgd_all_noised,11.245049229064149,2.668102829441137,0.40561225411365304,1e-05,0.2,0.02,0.2,0.21835365891456604,0.01154432725161314,0.21897730231285095
500,2.0,11.732851621374003,12,edge_flip_vem,,,,1e-05,0.2,0.02,0.2,0.19668589532375336,0.019912293180823326,0.1968144178390503
500,2.0,11.732851621374003,12,sbm_dpsgd_all_noised,11.245049229064149,2.668102829441137,0.40561225411365304,1e-05,0.2,0.02,0.2,0.2165231555700302,0.015087509527802467,0.21017597615718842
500,2.0,11.732851621374003,13,edge_flip_vem,,,,1e-05,0.2,0.02,0.2,0.19919195771217346,0.02050430327653885,0.20346511900424957
500,2.0,11.732851621374003,13,sbm_dpsgd_all_noised,11.245049229064149,2.668102829441137,0.40561225411365304,1e-05,0.2,0.02,0.2,0.22099047899246216,0.01234950590878725,0.21809622645378113
500,2.0,11.732851621374003,14,edge_flip_vem,,,,1e-05,0.2,0.02,0.2,0.2002522200345993,0.020280299708247185,0.20009157061576843
500,2.0,11.732851621374003,14,sbm_dpsgd_all_noised,11.245049229064149,2.668102829441137,0.40561225411365304,1e-05,0.2,0.02,0.2,0.22582396864891052,0.01252751424908638,0.2144709676504135
500,2.0,11.732851621374003,15,edge_flip_vem,,,,1e-05,0.2,0.02,0.2,0.20221208035945892,0.019784292206168175,0.19787466526031494
500,2.0,11.732851621374003,15,sbm_dpsgd_all_noised,11.245049229064149,2.668102829441137,0.40561225411365304,1e-05,0.2,0.02,0.2,0.21773086488246918,0.012101222760975361,0.21825598180294037
500,2.0,11.732851621374003,16,edge_flip_vem,,,,1e-05,0.2,0.02,0.2,0.2009911835193634,0.019544288516044617,0.20134460926055908
500,2.0,11.732851621374003,16,sbm_dpsgd_all_noised,11.245049229064149,2.668102829441137,0.40561225411365304,1e-05,0.2,0.02,0.2,0.20402562618255615,0.014428754337131977,0.22609494626522064
500,2.0,11.732851621374003,17,edge_flip_vem,,,,1e-05,0.2,0.02,0.2,0.2059069275856018,0.02071230672299862,0.19854937493801117
500,2.0,11.732851621374003,17,sbm_dpsgd_all_noised,11.245049229064149,2.668102829441137,0.40561225411365304,1e-05,0.2,0.02,0.2,0.2104075849056244,0.03945520520210266,0.1853799670934677
500,2.0,11.732851621374003,18,edge_flip_vem,,,,1e-05,0.2,0.02,0.2,0.19925621151924133,0.019336285069584846,0.1994168609380722
500,2.0,11.732851621374003,18,sbm_dpsgd_all_noised,11.245049229064149,2.668102829441137,0.40561225411365304,1e-05,0.2,0.02,0.2,0.20905987918376923,0.016795996576547623,0.2108369618654251
500,2.0,11.732851621374003,19,edge_flip_vem,,,,1e-05,0.2,0.02,0.2,0.20381854474544525,0.02013629674911499,0.20121608674526215
500,2.0,11.732851621374003,19,sbm_dpsgd_all_noised,11.245049229064149,2.668102829441137,0.40561225411365304,1e-05,0.2,0.02,0.2,0.22875547409057617,0.017753364518284798,0.19680696725845337
500,5.0,4.150006096013556,0,edge_flip_vem,,,,1e-05,0.2,0.02,0.2,0.20212773978710175,0.020376820117235184,0.2023266851902008
500,5.0,4.150006096013556,0,sbm_dpsgd_all_noised,3.992894984902444,1.0338953100711687,0.36711225411365295,1e-05,0.2,0.02,0.2,0.2258080095052719,0.012118177488446236,0.21599148213863373
500,5.0,4.150006096013556,1,edge_flip_vem,,,,1e-05,0.2,0.02,0.2,0.20037038624286652,0.02083916962146759,0.20103353261947632
500,5.0,4.150006096013556,1,sbm_dpsgd_all_noised,3.992894984902444,1.0338953100711687,0.36711225411365295,1e-05,0.2,0.02,0.2,0.2176857441663742,0.021754834800958633,0.1998519003391266
500,5.0,4.150006096013556,2,edge_flip_vem,,,,1e-05,0.2,0.02,0.2,0.1993093341588974,0.019881444051861763,0.19804933667182922
500,5.0,4.150006096013556,2,sbm_dpsgd_all_noised,3.992894984902444,1.0338953100711687,0.36711225411365295,1e-05,0.2,0.02,0.2,0.22336751222610474,0.011992630548775196,0.2127114236354828
500,5.0,4.150006096013556,3,edge_flip_vem,,,,1e-05,0.2,0.02,0.2,0.20245932042598724,0.020442869514226913,0.19440199434757233
500,5.0,4.150006096013556,3,sbm_dpsgd_all_noised,3.992894984902444,1.0338953100711687,0.36711225411365295,1e-05,0.2,0.02,0.2,0.21381139755249023,0.012985427863895893,0.21926093101501465
500,5.0,4.150006096013556,4,edge_flip_vem,,,,1e-05,0.2,0.02,0.2,0.20424982905387878,0.019055815413594246,0.20003880560398102
500,5.0,4.150006096013556,4,sbm_dpsgd_all_noised,3.992894984902444,1.0338953100711687,0.36711225411365295,1e-05,0.2,0.02,0.2,0.22046132385730743,0.015620234422385693,0.2047729641199112
500,5.0,4.150006096013556,5,edge_flip_vem,,,,1e-05,0.2,0.02,0.2,0.20040354132652283,0.01930350437760353,0.20017144083976746
500,5.0,4.150006096013556,5,sbm_dpsgd_all_noised,3.992894984902444,1.0338953100711687,0.36711225411365295,1e-05,0.2,0.02,0.2,0.21559131145477295,0.015424856916069984,0.21580760180950165
500,5.0,4.150006096013556,6,edge_flip_vem,,,,1e-05,0.2,0.02,0.2,0.19980670511722565,0.01986492983996868,0.1992761790752411
500,5.0,4.150006096013556,6,sbm_dpsgd_all_noised,3.992894984902444,1.0338953100711687,0.36711225411365295,1e-05,0.2,0.02,0.2,0.18897739052772522,0.07905508577823639,0.16456563770771027
500,5.0,4.150006096013556,7,edge_flip_vem,,,,1e-05,0.2,0.02,0.2,0.2015972137451172,0.019947493448853493,0.19516462087631226
500,5.0,4.150006096013556,7,sbm_dpsgd_all_noised,3.992894984902444,1.0338953100711687,0.36711225411365295,1e-05,0.2,0.02,0.2,0.21145957708358765,0.012346114963293076,0.2206033170223236
500,5.0,4.150006096013556,8,edge_flip_vem,,,,1e-05,0.2,0.02,0.2,0.20119932293891907,0.02049240656197071,0.19954143464565277
500,5.0,4.150006096013556,8,sbm_dpsgd_all_noised,3.992894984902444,1.0338953100711687,0.36711225411365295,1e-05,0.2,0.02,0.2,0.22218745946884155,0.013794352300465107,0.21789436042308807
500,5.0,4.150006096013556,9,edge_flip_vem,,,,1e-05,0.2,0.02,0.2,0.19974038004875183,0.019964005798101425,0.196291983127594
500,5.0,4.150006096013556,9,sbm_dpsgd_all_noised,3.992894984902444,1.0338953100711687,0.36711225411365295,1e-05,0.2,0.02,0.2,0.2158963978290558,0.011867993511259556,0.21839262545108795
500,5.0,4.150006096013556,10,edge_flip_vem,,,,1e-05,0.2,0.02,0.2,0.1979830265045166,0.019897956401109695,0.1972867101430893
500,5.0,4.150006096013556,10,sbm_dpsgd_all_noised,3.992894984902444,1.0338953100711687,0.36711225411365295,1e-05,0.2,0.02,0.2,0.20897722244262695,0.015040132217109203,0.22625796496868134
500,5.0,4.150006096013556,11,edge_flip_vem,,,,1e-05,0.2,0.02,0.2,0.20348720252513885,0.020657531917095184,0.19844722747802734
500,5.0,4.150006096013556,11,sbm_dpsgd_all_noised,3.992894984902444,1.0338953100711687,0.36711225411365295,1e-05,0.2,0.02,0.2,0.21775181591510773,0.011432443745434284,0.21892669796943665
500,5.0,4.150006096013556,12,edge_flip_vem,,,,1e-05,0.2,0.02,0.2,0.19649092853069305,0.018213676288723946,0.19576145708560944
500,5.0,4.150006096013556,12,sbm_dpsgd_all_noised,3.992894984902444,1.0338953100711687,0.36711225411365295,1e-05,0.2,0.02,0.2,0.2127760350704193,0.016443653032183647,0.21200747787952423
500,5.0,4.150006096013556,13,edge_flip_vem,,,,1e-05,0.2,0.02,0.2,0.1989777535200119,0.020641019567847252,0.20408403873443604
500,5.0,4.150006096013556,13,sbm_dpsgd_all_noised,3.992894984902444,1.0338953100711687,0.36711225411365295,1e-05,0.2,0.02,0.2,0.2175934612751007,0.015174495987594128,0.21462805569171906
500,5.0,4.150006096013556,14,edge_flip_vem,,,,1e-05,0.2,0.02,0.2,0.2006024867296219,0.020244719460606575,0.2000056505203247
500,5.0,4.150006096013556,14,sbm_dpsgd_all_noised,3.992894984902444,1.0338953100711687,0.36711225411365295,1e-05,0.2,0.02,0.2,0.22544912993907928,0.012652356177568436,0.21357335150241852
500,5.0,4.150006096013556,15,edge_flip_vem,,,,1e-05,0.2,0.02,0.2,0.20249247550964355,0.019187916070222855,0.19911038875579834
500,5.0,4.150006096013556,15,sbm_dpsgd_all_noised,3.992894984902444,1.0338953100711687,0.36711225411365295,1e-05,0.2,0.02,0.2,0.22264407575130463,0.014252904802560806,0.21082010865211487
