N,sigma,epsilon,rep,method,epsilon_gamma,epsilon_beta,epsilon_rho,epochs,epochs_gamma,epochs_beta,delta,beta_true_00,beta_true_01,beta_true_11,beta_est_00,beta_est_01,beta_est_11,nmi
1222,0.1,1605.2121193253029,0,edge_flip_vem,,,,300,,,1e-05,0.042592106414632014,0.0042259643248116424,0.03882533551230624,0.0021076255943626165,0.022182203829288483,0.15927202999591827,0.000435334001183433
1222,0.1,1605.2121193253029,0,sbm_dpsgd_all_noised,1492.990214668161,122.62372215520968,5.635908993701224,10.999985255304406,5.999991957438766,4.999993297865639,1e-05,0.042592106414632014,0.0042259643248116424,0.03882533551230624,0.10637497156858444,0.01306063961237669,0.14139240980148315,0.033976014010579175
1222,0.1,1605.2121193253029,1,edge_flip_vem,,,,288,,,1e-05,0.042592106414632014,0.0042259643248116424,0.03882533551230624,0.15927202999591827,0.022182203829288483,0.0021076255943626165,0.000435334001183433
1222,0.1,1605.2121193253029,1,sbm_dpsgd_all_noised,1492.990214668161,122.62372215520968,5.635908993701224,10.999985255304406,5.999991957438766,4.999993297865639,1e-05,0.042592106414632014,0.0042259643248116424,0.03882533551230624,0.12066514790058136,0.004847852047532797,0.13314607739448547,0.3236450390846923
1222,0.1,1605.2121193253029,2,edge_flip_vem,,,,267,,,1e-05,0.042592106414632014,0.0042259643248116424,0.03882533551230624,0.0021076255943626165,0.022182203829288483,0.15927202999591827,0.000435334001183433
1222,0.1,1605.2121193253029,2,sbm_dpsgd_all_noised,1492.990214668161,122.62372215520968,5.635908993701224,10.999985255304406,5.999991957438766,4.999993297865639,1e-05,0.042592106414632014,0.0042259643248116424,0.03882533551230624,0.12564146518707275,0.00739997997879982,0.12565912306308746,0.25281627790908645
1222,0.1,1605.2121193253029,3,edge_flip_vem,,,,273,,,1e-05,0.042592106414632014,0.0042259643248116424,0.03882533551230624,0.0021076255943626165,0.022182203829288483,0.15927202999591827,0.000435334001183433
1222,0.1,1605.2121193253029,3,sbm_dpsgd_all_noised,1492.990214668161,122.62372215520968,5.635908993701224,10.999985255304406,5.999991957438766,4.999993297865639,1e-05,0.042592106414632014,0.0042259643248116424,0.03882533551230624,0.14930438995361328,0.00961205456405878,0.103339284658432,0.1299116598243651
1222,0.1,1605.2121193253029,4,edge_flip_vem,,,,283,,,1e-05,0.042592106414632014,0.0042259643248116424,0.03882533551230624,0.15927202999591827,0.022182203829288483,0.0021076255943626165,0.000435334001183433
1222,0.1,1605.2121193253029,4,sbm_dpsgd_all_noised,1492.990214668161,122.62372215520968,5.635908993701224,10.999985255304406,5.999991957438766,4.999993297865639,1e-05,0.042592106414632014,0.0042259643248116424,0.03882533551230624,0.11618473380804062,0.006691980641335249,0.13579274713993073,0.21062302979418102
1222,0.1,1605.2121193253029,5,edge_flip_vem,,,,313,,,1e-05,0.042592106414632014,0.0042259643248116424,0.03882533551230624,0.0021076255943626165,0.022182203829288483,0.15927202999591827,0.000435334001183433
1222,0.1,1605.2121193253029,5,sbm_dpsgd_all_noised,1492.990214668161,122.62372215520968,5.635908993701224,10.999985255304406,5.999991957438766,4.999993297865639,1e-05,0.042592106414632014,0.0042259643248116424,0.03882533551230624,0.12370852380990982,0.005402775015681982,0.12902384996414185,0.311421667499634
1222,0.1,1605.2121193253029,6,edge_flip_vem,,,,285,,,1e-05,0.042592106414632014,0.0042259643248116424,0.03882533551230624,0.15927202999591827,0.022182203829288483,0.0021076255943626165,0.000435334001183433
1222,0.1,1605.2121193253029,6,sbm_dpsgd_all_noised,1492.990214668161,122.62372215520968,5.635908993701224,10.999985255304406,5.999991957438766,4.999993297865639,1e-05,0.042592106414632014,0.0042259643248116424,0.03882533551230624,0.12083063274621964,0.005720139481127262,0.13046179711818695,0.32572907024632536
1222,0.1,1605.2121193253029,7,edge_flip_vem,,,,304,,,1e-05,0.042592106414632014,0.0042259643248116424,0.03882533551230624,0.15927202999591827,0.022182203829288483,0.0021076255943626165,0.000435334001183433
1222,0.1,1605.2121193253029,7,sbm_dpsgd_all_noised,1492.990214668161,122.62372215520968,5.635908993701224,10.999985255304406,5.999991957438766,4.999993297865639,1e-05,0.042592106414632014,0.0042259643248116424,0.03882533551230624,0.10924376547336578,0.01011721696704626,0.1439312845468521,0.12764009981395597
1222,0.1,1605.2121193253029,8,edge_flip_vem,,,,315,,,1e-05,0.042592106414632014,0.0042259643248116424,0.03882533551230624,0.15927202999591827,0.022182203829288483,0.0021076255943626165,0.000435334001183433
1222,0.1,1605.2121193253029,8,sbm_dpsgd_all_noised,1492.990214668161,122.62372215520968,5.635908993701224,10.999985255304406,5.999991957438766,4.999993297865639,1e-05,0.042592106414632014,0.0042259643248116424,0.03882533551230624,0.15882457792758942,0.008918455801904202,0.09628389775753021,0.0002188869753822883
1222,0.1,1605.2121193253029,9,edge_flip_vem,,,,269,,,1e-05,0.042592106414632014,0.0042259643248116424,0.03882533551230624,0.0020514102652668953,0.021793663501739502,0.15726323425769806,0.00021362734387380577
1222,0.1,1605.2121193253029,9,sbm_dpsgd_all_noised,1492.990214668161,122.62372215520968,5.635908993701224,10.999985255304406,5.999991957438766,4.999993297865639,1e-05,0.042592106414632014,0.0042259643248116424,0.03882533551230624,0.1286415010690689,0.005645127035677433,0.12267175316810608,0.26956101867884347
1222,0.1,1605.2121193253029,10,edge_flip_vem,,,,259,,,1e-05,0.042592106414632014,0.0042259643248116424,0.03882533551230624,0.15927202999591827,0.022182203829288483,0.0021076255943626165,0.000435334001183433
1222,0.1,1605.2121193253029,10,sbm_dpsgd_all_noised,1492.990214668161,122.62372215520968,5.635908993701224,10.999985255304406,5.999991957438766,4.999993297865639,1e-05,0.042592106414632014,0.0042259643248116424,0.03882533551230624,0.15578530728816986,0.008189988322556019,0.09571323543787003,0.008857103645508872
1222,0.1,1605.2121193253029,11,edge_flip_vem,,,,288,,,1e-05,0.042592106414632014,0.0042259643248116424,0.03882533551230624,0.0021076255943626165,0.022182203829288483,0.15927202999591827,0.000435334001183433
1222,0.1,1605.2121193253029,11,sbm_dpsgd_all_noised,1492.990214668161,122.62372215520968,5.635908993701224,10.999985255304406,5.999991957438766,4.999993297865639,1e-05,0.042592106414632014,0.0042259643248116424,0.03882533551230624,0.10750564187765121,0.009469837881624699,0.14740601181983948,0.16921000538958347
1222,0.1,1605.2121193253029,12,edge_flip_vem,,,,281,,,1e-05,0.042592106414632014,0.0042259643248116424,0.03882533551230624,0.15927202999591827,0.022182203829288483,0.0021076255943626165,0.000435334001183433
1222,0.1,1605.2121193253029,12,sbm_dpsgd_all_noised,1492.990214668161,122.62372215520968,5.635908993701224,10.999985255304406,5.999991957438766,4.999993297865639,1e-05,0.042592106414632014,0.0042259643248116424,0.03882533551230624,0.10226281732320786,0.010576171800494194,0.1504693627357483,0.10968906675937265
1222,0.1,1605.2121193253029,13,edge_flip_vem,,,,245,,,1e-05,0.042592106414632014,0.0042259643248116424,0.03882533551230624,0.0021076255943626165,0.022182203829288483,0.15927202999591827,0.000435334001183433
1222,0.1,1605.2121193253029,13,sbm_dpsgd_all_noised,1492.990214668161,122.62372215520968,5.635908993701224,10.999985255304406,5.999991957438766,4.999993297865639,1e-05,0.042592106414632014,0.0042259643248116424,0.03882533551230624,0.09699264913797379,0.012648128904402256,0.15257197618484497,0.01266067906656117
1222,0.1,1605.2121193253029,14,edge_flip_vem,,,,311,,,1e-05,0.042592106414632014,0.0042259643248116424,0.03882533551230624,0.0021076255943626165,0.022182203829288483,0.15927202999591827,0.000435334001183433
1222,0.1,1605.2121193253029,14,sbm_dpsgd_all_noised,1492.990214668161,122.62372215520968,5.635908993701224,10.999985255304406,5.999991957438766,4.999993297865639,1e-05,0.042592106414632014,0.0042259643248116424,0.03882533551230624,0.10075579583644867,0.00967765599489212,0.14833255112171173,0.16983428200760337
1222,0.1,1605.2121193253029,15,edge_flip_vem,,,,299,,,1e-05,0.042592106414632014,0.0042259643248116424,0.03882533551230624,0.0021076255943626165,0.022182203829288483,0.15927202999591827,0.000435334001183433
1222,0.1,1605.2121193253029,15,sbm_dpsgd_all_noised,1492.990214668161,122.62372215520968,5.635908993701224,10.999985255304406,5.999991957438766,4.999993297865639,1e-05,0.042592106414632014,0.0042259643248116424,0.03882533551230624,0.1467554122209549,0.009208567440509796,0.10908010601997375,0.1751498633890905
1222,0.1,1605.2121193253029,16,edge_flip_vem,,,,295,,,1e-05,0.042592106414632014,0.0042259643248116424,0.03882533551230624,0.0021076255943626165,0.022182203829288483,0.15927202999591827,0.000435334001183433
1222,0.1,1605.2121193253029,16,sbm_dpsgd_all_noised,1492.990214668161,122.62372215520968,5.635908993701224,10.999985255304406,5.999991957438766,4.999993297865639,1e-05,0.042592106414632014,0.0042259643248116424,0.03882533551230624,0.1354188323020935,0.007466870825737715,0.11322170495986938,0.1696847299803694
1222,0.1,1605.2121193253029,17,edge_flip_vem,,,,310,,,1e-05,0.042592106414632014,0.0042259643248116424,0.03882533551230624,0.0021076255943626165,0.022182203829288483,0.15927202999591827,0.000435334001183433
1222,0.1,1605.2121193253029,17,sbm_dpsgd_all_noised,1492.990214668161,122.62372215520968,5.635908993701224,10.999985255304406,5.999991957438766,4.999993297865639,1e-05,0.042592106414632014,0.0042259643248116424,0.03882533551230624,0.13618716597557068,0.005773138254880905,0.11655076593160629,0.24273405540374235
1222,0.1,1605.2121193253029,18,edge_flip_vem,,,,296,,,1e-05,0.042592106414632014,0.0042259643248116424,0.03882533551230624,0.15927202999591827,0.022182203829288483,0.0021076255943626165,0.000435334001183433
1222,0.1,1605.2121193253029,18,sbm_dpsgd_all_noised,1492.990214668161,122.62372215520968,5.635908993701224,10.999985255304406,5.999991957438766,4.999993297865639,1e-05,0.042592106414632014,0.0042259643248116424,0.03882533551230624,0.1508651077747345,0.008324076421558857,0.10487484931945801,0.22543286989139108
1222,0.1,1605.2121193253029,19,edge_flip_vem,,,,283,,,1e-05,0.042592106414632014,0.0042259643248116424,0.03882533551230624,0.15927202999591827,0.022182203829288483,0.0021076255943626165,0.000435334001183433
1222,0.1,1605.2121193253029,19,sbm_dpsgd_all_noised,1492.990214668161,122.62372215520968,5.635908993701224,10.999985255304406,5.999991957438766,4.999993297865639,1e-05,0.042592106414632014,0.0042259643248116424,0.03882533551230624,0.11970886588096619,0.00917352270334959,0.12743456661701202,0.005966106975575132
1222,0.5,75.2608932193835,0,edge_flip_vem,,,,300,,,1e-05,0.042592106414632014,0.0042259643248116424,0.03882533551230624,0.0021076255943626165,0.022182203829288483,0.15927202999591827,0.000435334001183433
1222,0.5,75.2608932193835,0,sbm_dpsgd_all_noised,70.77201703309784,12.423110533899475,1.033893800850985,10.999985255304406,5.999991957438766,4.999993297865639,1e-05,0.042592106414632014,0.0042259643248116424,0.03882533551230624,0.1060105413198471,0.012515630573034286,0.14252008497714996,0.04165470583553716
1222,0.5,75.2608932193835,1,edge_flip_vem,,,,288,,,1e-05,0.042592106414632014,0.0042259643248116424,0.03882533551230624,0.15927202999591827,0.022182203829288483,0.0021076255943626165,0.000435334001183433
1222,0.5,75.2608932193835,1,sbm_dpsgd_all_noised,70.77201703309784,12.423110533899475,1.033893800850985,10.999985255304406,5.999991957438766,4.999993297865639,1e-05,0.042592106414632014,0.0042259643248116424,0.03882533551230624,0.11859283596277237,0.00478764995932579,0.13549436628818512,0.32284973099867864
1222,0.5,75.2608932193835,2,edge_flip_vem,,,,267,,,1e-05,0.042592106414632014,0.0042259643248116424,0.03882533551230624,0.0021076255943626165,0.022182203829288483,0.15927202999591827,0.000435334001183433
1222,0.5,75.2608932193835,2,sbm_dpsgd_all_noised,70.77201703309784,12.423110533899475,1.033893800850985,10.999985255304406,5.999991957438766,4.999993297865639,1e-05,0.042592106414632014,0.0042259643248116424,0.03882533551230624,0.125982403755188,0.007507167756557465,0.12528179585933685,0.2542742610613182
1222,0.5,75.2608932193835,3,edge_flip_vem,,,,273,,,1e-05,0.042592106414632014,0.0042259643248116424,0.03882533551230624,0.0021076255943626165,0.022182203829288483,0.15927202999591827,0.000435334001183433
1222,0.5,75.2608932193835,3,sbm_dpsgd_all_noised,70.77201703309784,12.423110533899475,1.033893800850985,10.999985255304406,5.999991957438766,4.999993297865639,1e-05,0.042592106414632014,0.0042259643248116424,0.03882533551230624,0.14963681995868683,0.009340531192719936,0.10363601893186569,0.13765731732445977
1222,0.5,75.2608932193835,4,edge_flip_vem,,,,283,,,1e-05,0.042592106414632014,0.0042259643248116424,0.03882533551230624,0.15927202999591827,0.022182203829288483,0.0021076255943626165,0.000435334001183433
1222,0.5,75.2608932193835,4,sbm_dpsgd_all_noised,70.77201703309784,12.423110533899475,1.033893800850985,10.999985255304406,5.999991957438766,4.999993297865639,1e-05,0.042592106414632014,0.0042259643248116424,0.03882533551230624,0.11465248465538025,0.006922618951648474,0.1369638890028,0.2091180442194891
1222,0.5,75.2608932193835,5,edge_flip_vem,,,,313,,,1e-05,0.042592106414632014,0.0042259643248116424,0.03882533551230624,0.0021076255943626165,0.022182203829288483,0.15927202999591827,0.000435334001183433
1222,0.5,75.2608932193835,5,sbm_dpsgd_all_noised,70.77201703309784,12.423110533899475,1.033893800850985,10.999985255304406,5.999991957438766,4.999993297865639,1e-05,0.042592106414632014,0.0042259643248116424,0.03882533551230624,0.12249954044818878,0.005367199890315533,0.13021939992904663,0.3115937731514208
1222,0.5,75.2608932193835,6,edge_flip_vem,,,,285,,,1e-05,0.042592106414632014,0.0042259643248116424,0.03882533551230624,0.15927202999591827,0.022182203829288483,0.0021076255943626165,0.000435334001183433
1222,0.5,75.2608932193835,6,sbm_dpsgd_all_noised,70.77201703309784,12.423110533899475,1.033893800850985,10.999985255304406,5.999991957438766,4.999993297865639,1e-05,0.042592106414632014,0.0042259643248116424,0.03882533551230624,0.12097196280956268,0.005364354699850082,0.13097041845321655,0.3430652080084787
1222,0.5,75.2608932193835,7,edge_flip_vem,,,,304,,,1e-05,0.042592106414632014,0.0042259643248116424,0.03882533551230624,0.15927202999591827,0.022182203829288483,0.0021076255943626165,0.000435334001183433
1222,0.5,75.2608932193835,7,sbm_dpsgd_all_noised,70.77201703309784,12.423110533899475,1.033893800850985,10.999985255304406,5.999991957438766,4.999993297865639,1e-05,0.042592106414632014,0.0042259643248116424,0.03882533551230624,0.10990346223115921,0.009966502897441387,0.1435355842113495,0.12032513392400646
1222,0.5,75.2608932193835,8,edge_flip_vem,,,,315,,,1e-05,0.042592106414632014,0.0042259643248116424,0.03882533551230624,0.15927202999591827,0.022182203829288483,0.0021076255943626165,0.000435334001183433
1222,0.5,75.2608932193835,8,sbm_dpsgd_all_noised,70.77201703309784,12.423110533899475,1.033893800850985,10.999985255304406,5.999991957438766,4.999993297865639,1e-05,0.042592106414632014,0.0042259643248116424,0.03882533551230624,0.1587868332862854,0.008917700499296188,0.0962880328297615,6.206291631742027e-05
1222,0.5,75.2608932193835,9,edge_flip_vem,,,,269,,,1e-05,0.042592106414632014,0.0042259643248116424,0.03882533551230624,0.0020514102652668953,0.021793663501739502,0.15726323425769806,0.00021362734387380577
1222,0.5,75.2608932193835,9,sbm_dpsgd_all_noised,70.77201703309784,12.423110533899475,1.033893800850985,10.999985255304406,5.999991957438766,4.999993297865639,1e-05,0.042592106414632014,0.0042259643248116424,0.03882533551230624,0.12713946402072906,0.005575789138674736,0.12432191520929337,0.27390749453323493
1222,0.5,75.2608932193835,10,edge_flip_vem,,,,259,,,1e-05,0.042592106414632014,0.0042259643248116424,0.03882533551230624,0.15927202999591827,0.022182203829288483,0.0021076255943626165,0.000435334001183433
1222,0.5,75.2608932193835,10,sbm_dpsgd_all_noised,70.77201703309784,12.423110533899475,1.033893800850985,10.999985255304406,5.999991957438766,4.999993297865639,1e-05,0.042592106414632014,0.0042259643248116424,0.03882533551230624,0.15400955080986023,0.008251544088125229,0.09683811664581299,0.014672797854912045
1222,0.5,75.2608932193835,11,edge_flip_vem,,,,288,,,1e-05,0.042592106414632014,0.0042259643248116424,0.03882533551230624,0.0021076255943626165,0.022182203829288483,0.15927202999591827,0.000435334001183433
1222,0.5,75.2608932193835,11,sbm_dpsgd_all_noised,70.77201703309784,12.423110533899475,1.033893800850985,10.999985255304406,5.999991957438766,4.999993297865639,1e-05,0.042592106414632014,0.0042259643248116424,0.03882533551230624,0.10691110789775848,0.00935044139623642,0.14839209616184235,0.17214981953634392
1222,0.5,75.2608932193835,12,edge_flip_vem,,,,281,,,1e-05,0.042592106414632014,0.0042259643248116424,0.03882533551230624,0.15927202999591827,0.022182203829288483,0.0021076255943626165,0.000435334001183433
1222,0.5,75.2608932193835,12,sbm_dpsgd_all_noised,70.77201703309784,12.423110533899475,1.033893800850985,10.999985255304406,5.999991957438766,4.999993297865639,1e-05,0.042592106414632014,0.0042259643248116424,0.03882533551230624,0.10261678695678711,0.010324288159608841,0.15007807314395905,0.10785666724832514
1222,0.5,75.2608932193835,13,edge_flip_vem,,,,245,,,1e-05,0.042592106414632014,0.0042259643248116424,0.03882533551230624,0.0021076255943626165,0.022182203829288483,0.15927202999591827,0.000435334001183433
1222,0.5,75.2608932193835,13,sbm_dpsgd_all_noised,70.77201703309784,12.423110533899475,1.033893800850985,10.999985255304406,5.999991957438766,4.999993297865639,1e-05,0.042592106414632014,0.0042259643248116424,0.03882533551230624,0.09641176462173462,0.012379624880850315,0.15385782718658447,0.007996750171706575
1222,0.5,75.2608932193835,14,edge_flip_vem,,,,311,,,1e-05,0.042592106414632014,0.0042259643248116424,0.03882533551230624,0.0021076255943626165,0.022182203829288483,0.15927202999591827,0.000435334001183433
1222,0.5,75.2608932193835,14,sbm_dpsgd_all_noised,70.77201703309784,12.423110533899475,1.033893800850985,10.999985255304406,5.999991957438766,4.999993297865639,1e-05,0.042592106414632014,0.0042259643248116424,0.03882533551230624,0.10083737969398499,0.00956447422504425,0.1484270542860031,0.16512777195029907
1222,0.5,75.2608932193835,15,edge_flip_vem,,,,299,,,1e-05,0.042592106414632014,0.0042259643248116424,0.03882533551230624,0.0021076255943626165,0.022182203829288483,0.15927202999591827,0.000435334001183433
1222,0.5,75.2608932193835,15,sbm_dpsgd_all_noised,70.77201703309784,12.423110533899475,1.033893800850985,10.999985255304406,5.999991957438766,4.999993297865639,1e-05,0.042592106414632014,0.0042259643248116424,0.03882533551230624,0.14691656827926636,0.009682836011052132,0.10822896659374237,0.1596277234170399
1222,0.5,75.2608932193835,16,edge_flip_vem,,,,295,,,1e-05,0.042592106414632014,0.0042259643248116424,0.03882533551230624,0.0021076255943626165,0.022182203829288483,0.15927202999591827,0.000435334001183433
1222,0.5,75.2608932193835,16,sbm_dpsgd_all_noised,70.77201703309784,12.423110533899475,1.033893800850985,10.999985255304406,5.999991957438766,4.999993297865639,1e-05,0.042592106414632014,0.0042259643248116424,0.03882533551230624,0.13377051055431366,0.007500784937292337,0.11428677290678024,0.14420994751191366
1222,0.5,75.2608932193835,17,edge_flip_vem,,,,310,,,1e-05,0.042592106414632014,0.0042259643248116424,0.03882533551230624,0.0021076255943626165,0.022182203829288483,0.15927202999591827,0.000435334001183433
1222,0.5,75.2608932193835,17,sbm_dpsgd_all_noised,70.77201703309784,12.423110533899475,1.033893800850985,10.999985255304406,5.999991957438766,4.999993297865639,1e-05,0.042592106414632014,0.0042259643248116424,0.03882533551230624,0.13557282090187073,0.0055878437124192715,0.11725399643182755,0.2455295183704668
1222,0.5,75.2608932193835,18,edge_flip_vem,,,,296,,,1e-05,0.042592106414632014,0.0042259643248116424,0.03882533551230624,0.15927202999591827,0.022182203829288483,0.0021076255943626165,0.000435334001183433
1222,0.5,75.2608932193835,18,sbm_dpsgd_all_noised,70.77201703309784,12.423110533899475,1.033893800850985,10.999985255304406,5.999991957438766,4.999993297865639,1e-05,0.042592106414632014,0.0042259643248116424,0.03882533551230624,0.14988714456558228,0.008436315692961216,0.1054341197013855,0.2152533129675764
1222,0.5,75.2608932193835,19,edge_flip_vem,,,,283,,,1e-05,0.042592106414632014,0.0042259643248116424,0.03882533551230624,0.15927202999591827,0.022182203829288483,0.0021076255943626165,0.000435334001183433
1222,0.5,75.2608932193835,19,sbm_dpsgd_all_noised,70.77201703309784,12.423110533899475,1.033893800850985,10.999985255304406,5.999991957438766,4.999993297865639,1e-05,0.042592106414632014,0.0042259643248116424,0.03882533551230624,0.11840801686048508,0.009243772365152836,0.12909337878227234,0.0007331188535280307
1222,1.0,27.44991740357355,0,edge_flip_vem,,,,300,,,1e-05,0.042592106414632014,0.0042259643248116424,0.03882533551230624,0.0021076255943626165,0.022182203829288483,0.15927202999591827,0.000435334001183433
1222,1.0,27.44991740357355,0,sbm_dpsgd_all_noised,26.32769835700213,5.635908993701224,0.5431117353192144,10.999985255304406,5.999991957438766,4.999993297865639,1e-05,0.042592106414632014,0.0042259643248116424,0.03882533551230624,0.10585960745811462,0.013570315204560757,0.14131003618240356,0.018636085604693608
1222,1.0,27.44991740357355,1,edge_flip_vem,,,,288,,,1e-05,0.042592106414632014,0.0042259643248116424,0.03882533551230624,0.15927202999591827,0.022182203829288483,0.0021076255943626165,0.000435334001183433
1222,1.0,27.44991740357355,1,sbm_dpsgd_all_noised,26.32769835700213,5.635908993701224,0.5431117353192144,10.999985255304406,5.999991957438766,4.999993297865639,1e-05,0.042592106414632014,0.0042259643248116424,0.03882533551230624,0.11890022456645966,0.004739530384540558,0.13517673313617706,0.34680460664351154
1222,1.0,27.44991740357355,2,edge_flip_vem,,,,267,,,1e-05,0.042592106414632014,0.0042259643248116424,0.03882533551230624,0.0021076255943626165,0.022182203829288483,0.15927202999591827,0.000435334001183433
1222,1.0,27.44991740357355,2,sbm_dpsgd_all_noised,26.32769835700213,5.635908993701224,0.5431117353192144,10.999985255304406,5.999991957438766,4.999993297865639,1e-05,0.042592106414632014,0.0042259643248116424,0.03882533551230624,0.12378772348165512,0.008330827578902245,0.12675519287586212,0.23484442457217575
1222,1.0,27.44991740357355,3,edge_flip_vem,,,,273,,,1e-05,0.042592106414632014,0.0042259643248116424,0.03882533551230624,0.0021076255943626165,0.022182203829288483,0.15927202999591827,0.000435334001183433
1222,1.0,27.44991740357355,3,sbm_dpsgd_all_noised,26.32769835700213,5.635908993701224,0.5431117353192144,10.999985255304406,5.999991957438766,4.999993297865639,1e-05,0.042592106414632014,0.0042259643248116424,0.03882533551230624,0.14866437017917633,0.008992502465844154,0.10488904267549515,0.16020886792127928
1222,1.0,27.44991740357355,4,edge_flip_vem,,,,283,,,1e-05,0.042592106414632014,0.0042259643248116424,0.03882533551230624,0.15927202999591827,0.022182203829288483,0.0021076255943626165,0.000435334001183433
1222,1.0,27.44991740357355,4,sbm_dpsgd_all_noised,26.32769835700213,5.635908993701224,0.5431117353192144,10.999985255304406,5.999991957438766,4.999993297865639,1e-05,0.042592106414632014,0.0042259643248116424,0.03882533551230624,0.11089594662189484,0.007646761368960142,0.14008155465126038,0.17988562972807448
1222,1.0,27.44991740357355,5,edge_flip_vem,,,,313,,,1e-05,0.042592106414632014,0.0042259643248116424,0.03882533551230624,0.0021076255943626165,0.022182203829288483,0.15927202999591827,0.000435334001183433
1222,1.0,27.44991740357355,5,sbm_dpsgd_all_noised,26.32769835700213,5.635908993701224,0.5431117353192144,10.999985255304406,5.999991957438766,4.999993297865639,1e-05,0.042592106414632014,0.0042259643248116424,0.03882533551230624,0.12528382241725922,0.005172752775251865,0.12750479578971863,0.30477306311125324
1222,1.0,27.44991740357355,6,edge_flip_vem,,,,285,,,1e-05,0.042592106414632014,0.0042259643248116424,0.03882533551230624,0.15927202999591827,0.022182203829288483,0.0021076255943626165,0.000435334001183433
1222,1.0,27.44991740357355,6,sbm_dpsgd_all_noised,26.32769835700213,5.635908993701224,0.5431117353192144,10.999985255304406,5.999991957438766,4.999993297865639,1e-05,0.042592106414632014,0.0042259643248116424,0.03882533551230624,0.1223575621843338,0.005142637528479099,0.13037563860416412,0.35267713703525533
1222,1.0,27.44991740357355,7,edge_flip_vem,,,,304,,,1e-05,0.042592106414632014,0.0042259643248116424,0.03882533551230624,0.15927202999591827,0.022182203829288483,0.0021076255943626165,0.000435334001183433
1222,1.0,27.44991740357355,7,sbm_dpsgd_all_noised,26.32769835700213,5.635908993701224,0.5431117353192144,10.999985255304406,5.999991957438766,4.999993297865639,1e-05,0.042592106414632014,0.0042259643248116424,0.03882533551230624,0.11069589853286743,0.009740597568452358,0.14290988445281982,0.12983289751630425
1222,1.0,27.44991740357355,8,edge_flip_vem,,,,315,,,1e-05,0.042592106414632014,0.0042259643248116424,0.03882533551230624,0.15927202999591827,0.022182203829288483,0.0021076255943626165,0.000435334001183433
1222,1.0,27.44991740357355,8,sbm_dpsgd_all_noised,26.32769835700213,5.635908993701224,0.5431117353192144,10.999985255304406,5.999991957438766,4.999993297865639,1e-05,0.042592106414632014,0.0042259643248116424,0.03882533551230624,0.15910910069942474,0.008930248208343983,0.09597726911306381,0.0002156327765032378
1222,1.0,27.44991740357355,9,edge_flip_vem,,,,269,,,1e-05,0.042592106414632014,0.0042259643248116424,0.03882533551230624,0.0020514102652668953,0.021793663501739502,0.15726323425769806,0.00021362734387380577
1222,1.0,27.44991740357355,9,sbm_dpsgd_all_noised,26.32769835700213,5.635908993701224,0.5431117353192144,10.999985255304406,5.999991957438766,4.999993297865639,1e-05,0.042592106414632014,0.0042259643248116424,0.03882533551230624,0.12485122680664062,0.005497568286955357,0.12707039713859558,0.283757904841128
1222,1.0,27.44991740357355,10,edge_flip_vem,,,,259,,,1e-05,0.042592106414632014,0.0042259643248116424,0.03882533551230624,0.15927202999591827,0.022182203829288483,0.0021076255943626165,0.000435334001183433
1222,1.0,27.44991740357355,10,sbm_dpsgd_all_noised,26.32769835700213,5.635908993701224,0.5431117353192144,10.999985255304406,5.999991957438766,4.999993297865639,1e-05,0.042592106414632014,0.0042259643248116424,0.03882533551230624,0.1535881757736206,0.008159111253917217,0.0971558541059494,0.013596423220194028
1222,1.0,27.44991740357355,11,edge_flip_vem,,,,288,,,1e-05,0.042592106414632014,0.0042259643248116424,0.03882533551230624,0.0021076255943626165,0.022182203829288483,0.15927202999591827,0.000435334001183433
1222,1.0,27.44991740357355,11,sbm_dpsgd_all_noised,26.32769835700213,5.635908993701224,0.5431117353192144,10.999985255304406,5.999991957438766,4.999993297865639,1e-05,0.042592106414632014,0.0042259643248116424,0.03882533551230624,0.1060423031449318,0.009389044716954231,0.1489201784133911,0.17303339345918187
1222,1.0,27.44991740357355,12,edge_flip_vem,,,,281,,,1e-05,0.042592106414632014,0.0042259643248116424,0.03882533551230624,0.15927202999591827,0.022182203829288483,0.0021076255943626165,0.000435334001183433
1222,1.0,27.44991740357355,12,sbm_dpsgd_all_noised,26.32769835700213,5.635908993701224,0.5431117353192144,10.999985255304406,5.999991957438766,4.999993297865639,1e-05,0.042592106414632014,0.0042259643248116424,0.03882533551230624,0.10278398543596268,0.010382203385233879,0.14976435899734497,0.1050665095320706
1222,1.0,27.44991740357355,13,edge_flip_vem,,,,245,,,1e-05,0.042592106414632014,0.0042259643248116424,0.03882533551230624,0.0021076255943626165,0.022182203829288483,0.15927202999591827,0.000435334001183433
1222,1.0,27.44991740357355,13,sbm_dpsgd_all_noised,26.32769835700213,5.635908993701224,0.5431117353192144,10.999985255304406,5.999991957438766,4.999993297865639,1e-05,0.042592106414632014,0.0042259643248116424,0.03882533551230624,0.09585288166999817,0.01219912339001894,0.15481474995613098,0.004551379726262304
1222,1.0,27.44991740357355,14,edge_flip_vem,,,,311,,,1e-05,0.042592106414632014,0.0042259643248116424,0.03882533551230624,0.0021076255943626165,0.022182203829288483,0.15927202999591827,0.000435334001183433
1222,1.0,27.44991740357355,14,sbm_dpsgd_all_noised,26.32769835700213,5.635908993701224,0.5431117353192144,10.999985255304406,5.999991957438766,4.999993297865639,1e-05,0.042592106414632014,0.0042259643248116424,0.03882533551230624,0.10121084749698639,0.009806769900023937,0.146662637591362,0.13883284655529513
1222,1.0,27.44991740357355,15,edge_flip_vem,,,,299,,,1e-05,0.042592106414632014,0.0042259643248116424,0.03882533551230624,0.0021076255943626165,0.022182203829288483,0.15927202999591827,0.000435334001183433
1222,1.0,27.44991740357355,15,sbm_dpsgd_all_noised,26.32769835700213,5.635908993701224,0.5431117353192144,10.999985255304406,5.999991957438766,4.999993297865639,1e-05,0.042592106414632014,0.0042259643248116424,0.03882533551230624,0.14695316553115845,0.010297257453203201,0.10748735815286636,0.14445343786227233
1222,1.0,27.44991740357355,16,edge_flip_vem,,,,295,,,1e-05,0.042592106414632014,0.0042259643248116424,0.03882533551230624,0.0021076255943626165,0.022182203829288483,0.15927202999591827,0.000435334001183433
1222,1.0,27.44991740357355,16,sbm_dpsgd_all_noised,26.32769835700213,5.635908993701224,0.5431117353192144,10.999985255304406,5.999991957438766,4.999993297865639,1e-05,0.042592106414632014,0.0042259643248116424,0.03882533551230624,0.13546475768089294,0.007716761901974678,0.11252713203430176,0.14669362915329165
1222,1.0,27.44991740357355,17,edge_flip_vem,,,,310,,,1e-05,0.042592106414632014,0.0042259643248116424,0.03882533551230624,0.0021076255943626165,0.022182203829288483,0.15927202999591827,0.000435334001183433
1222,1.0,27.44991740357355,17,sbm_dpsgd_all_noised,26.32769835700213,5.635908993701224,0.5431117353192144,10.999985255304406,5.999991957438766,4.999993297865639,1e-05,0.042592106414632014,0.0042259643248116424,0.03882533551230624,0.13266679644584656,0.005445300601422787,0.11991649121046066,0.25556711748111627
1222,1.0,27.44991740357355,18,edge_flip_vem,,,,296,,,1e-05,0.042592106414632014,0.0042259643248116424,0.03882533551230624,0.15927202999591827,0.022182203829288483,0.0021076255943626165,0.000435334001183433
1222,1.0,27.44991740357355,18,sbm_dpsgd_all_noised,26.32769835700213,5.635908993701224,0.5431117353192144,10.999985255304406,5.999991957438766,4.999993297865639,1e-05,0.042592106414632014,0.0042259643248116424,0.03882533551230624,0.14860090613365173,0.008502206765115261,0.10617633908987045,0.2141769574564178
1222,1.0,27.44991740357355,19,edge_flip_vem,,,,283,,,1e-05,0.042592106414632014,0.0042259643248116424,0.03882533551230624,0.15927202999591827,0.022182203829288483,0.0021076255943626165,0.000435334001183433
1222,1.0,27.44991740357355,19,sbm_dpsgd_all_noised,26.32769835700213,5.635908993701224,0.5431117353192144,10.999985255304406,5.999991957438766,4.999993297865639,1e-05,0.042592106414632014,0.0042259643248116424,0.03882533551230624,0.11806000024080276,0.008841839618980885,0.12993201613426208,0.0003726373231328524
1222,2.0,11.73283470946137,0,edge_flip_vem,,,,318,,,1e-05,0.042592106414632014,0.0042259643248116424,0.03882533551230624,0.0021018434781581163,0.022055061534047127,0.15883247554302216,0.0005068908455909828
1222,2.0,11.73283470946137,0,sbm_dpsgd_all_noised,11.245028267672708,2.6680988991802397,0.40561212441504335,10.999985255304406,5.999991957438766,4.999993297865639,1e-05,0.042592106414632014,0.0042259643248116424,0.03882533551230624,0.10529042780399323,0.014318558387458324,0.14043565094470978,6.388213496657781e-06
1222,2.0,11.73283470946137,1,edge_flip_vem,,,,320,,,1e-05,0.042592106414632014,0.0042259643248116424,0.03882533551230624,0.15926656126976013,0.02218119241297245,0.0021022132132202387,0.000435334001183433
1222,2.0,11.73283470946137,1,sbm_dpsgd_all_noised,11.245028267672708,2.6680988991802397,0.40561212441504335,10.999985255304406,5.999991957438766,4.999993297865639,1e-05,0.042592106414632014,0.0042259643248116424,0.03882533551230624,0.11898321658372879,0.004695566836744547,0.1349623203277588,0.32532691629386684
1222,2.0,11.73283470946137,2,edge_flip_vem,,,,293,,,1e-05,0.042592106414632014,0.0042259643248116424,0.03882533551230624,0.15926656126976013,0.0221878495067358,0.0021073727402836084,0.000435334001183433
1222,2.0,11.73283470946137,2,sbm_dpsgd_all_noised,11.245028267672708,2.6680988991802397,0.40561212441504335,10.999985255304406,5.999991957438766,4.999993297865639,1e-05,0.042592106414632014,0.0042259643248116424,0.03882533551230624,0.1230614110827446,0.00739638227969408,0.12847377359867096,0.24747994947408014
1222,2.0,11.73283470946137,3,edge_flip_vem,,,,335,,,1e-05,0.042592106414632014,0.0042259643248116424,0.03882533551230624,0.0021047929767519236,0.022184520959854126,0.1592838168144226,0.000435334001183433
1222,2.0,11.73283470946137,3,sbm_dpsgd_all_noised,11.245028267672708,2.6680988991802397,0.40561212441504335,10.999985255304406,5.999991957438766,4.999993297865639,1e-05,0.042592106414632014,0.0042259643248116424,0.03882533551230624,0.14718878269195557,0.008010614663362503,0.10654767602682114,0.17982333226844707
1222,2.0,11.73283470946137,4,edge_flip_vem,,,,316,,,1e-05,0.042592106414632014,0.0042259643248116424,0.03882533551230624,0.15926656126976013,0.02218119241297245,0.0021047929767519236,0.000435334001183433
1222,2.0,11.73283470946137,4,sbm_dpsgd_all_noised,11.245028267672708,2.6680988991802397,0.40561212441504335,10.999985255304406,5.999991957438766,4.999993297865639,1e-05,0.042592106414632014,0.0042259643248116424,0.03882533551230624,0.10571867972612381,0.008533126674592495,0.14389877021312714,0.09825494688940367
1222,2.0,11.73283470946137,5,edge_flip_vem,,,,281,,,1e-05,0.042592106414632014,0.0042259643248116424,0.03882533551230624,0.0021022132132202387,0.02218119241297245,0.15926656126976013,0.000435334001183433
1222,2.0,11.73283470946137,5,sbm_dpsgd_all_noised,11.245028267672708,2.6680988991802397,0.40561212441504335,10.999985255304406,5.999991957438766,4.999993297865639,1e-05,0.042592106414632014,0.0042259643248116424,0.03882533551230624,0.1283925324678421,0.005149868316948414,0.12428315728902817,0.274332429680438
1222,2.0,11.73283470946137,6,edge_flip_vem,,,,320,,,1e-05,0.042592106414632014,0.0042259643248116424,0.03882533551230624,0.1592838168144226,0.022177863866090775,0.0021099525038152933,0.000435334001183433
1222,2.0,11.73283470946137,6,sbm_dpsgd_all_noised,11.245028267672708,2.6680988991802397,0.40561212441504335,10.999985255304406,5.999991957438766,4.999993297865639,1e-05,0.042592106414632014,0.0042259643248116424,0.03882533551230624,0.11994457989931107,0.005091321188956499,0.13272865116596222,0.32924644297292854
1222,2.0,11.73283470946137,7,edge_flip_vem,,,,314,,,1e-05,0.042592106414632014,0.0042259643248116424,0.03882533551230624,0.0021073727402836084,0.02218119241297245,0.15926656126976013,0.000435334001183433
1222,2.0,11.73283470946137,7,sbm_dpsgd_all_noised,11.245028267672708,2.6680988991802397,0.40561212441504335,10.999985255304406,5.999991957438766,4.999993297865639,1e-05,0.042592106414632014,0.0042259643248116424,0.03882533551230624,0.1113528162240982,0.009283293038606644,0.1416633576154709,0.13717730379095186
1222,2.0,11.73283470946137,8,edge_flip_vem,,,,424,,,1e-05,0.042592106414632014,0.0042259643248116424,0.03882533551230624,0.15926656126976013,0.022184520959854126,0.002112532267346978,0.000435334001183433
1222,2.0,11.73283470946137,8,sbm_dpsgd_all_noised,11.245028267672708,2.6680988991802397,0.40561212441504335,10.999985255304406,5.999991957438766,4.999993297865639,1e-05,0.042592106414632014,0.0042259643248116424,0.03882533551230624,0.15766113996505737,0.008689320646226406,0.09687458723783493,8.701817771490778e-05
1222,2.0,11.73283470946137,9,edge_flip_vem,,,,285,,,1e-05,0.042592106414632014,0.0042259643248116424,0.03882533551230624,0.0021073727402836084,0.022191178053617477,0.15926656126976013,0.000435334001183433
1222,2.0,11.73283470946137,9,sbm_dpsgd_all_noised,11.245028267672708,2.6680988991802397,0.40561212441504335,10.999985255304406,5.999991957438766,4.999993297865639,1e-05,0.042592106414632014,0.0042259643248116424,0.03882533551230624,0.1212911456823349,0.005599801428616047,0.13080726563930511,0.25837300953138814
1222,2.0,11.73283470946137,10,edge_flip_vem,,,,274,,,1e-05,0.042592106414632014,0.0042259643248116424,0.03882533551230624,0.1592838168144226,0.0221745353192091,0.002099633449688554,0.000435334001183433
1222,2.0,11.73283470946137,10,sbm_dpsgd_all_noised,11.245028267672708,2.6680988991802397,0.40561212441504335,10.999985255304406,5.999991957438766,4.999993297865639,1e-05,0.042592106414632014,0.0042259643248116424,0.03882533551230624,0.14964695274829865,0.007967188023030758,0.09980231523513794,0.016333428927267333
1222,2.0,11.73283470946137,11,edge_flip_vem,,,,272,,,1e-05,0.042592106414632014,0.0042259643248116424,0.03882533551230624,0.15926656126976013,0.02218119241297245,0.002115112030878663,0.000435334001183433
1222,2.0,11.73283470946137,11,sbm_dpsgd_all_noised,11.245028267672708,2.6680988991802397,0.40561212441504335,10.999985255304406,5.999991957438766,4.999993297865639,1e-05,0.042592106414632014,0.0042259643248116424,0.03882533551230624,0.10587278008460999,0.010282331146299839,0.14670802652835846,0.15031810815184768
1222,2.0,11.73283470946137,12,edge_flip_vem,,,,309,,,1e-05,0.042592106414632014,0.0042259643248116424,0.03882533551230624,0.15926656126976013,0.022177863866090775,0.0021073727402836084,0.000435334001183433
1222,2.0,11.73283470946137,12,sbm_dpsgd_all_noised,11.245028267672708,2.6680988991802397,0.40561212441504335,10.999985255304406,5.999991957438766,4.999993297865639,1e-05,0.042592106414632014,0.0042259643248116424,0.03882533551230624,0.09591744840145111,0.01175455842167139,0.15514619648456573,0.014902946638951526
1222,2.0,11.73283470946137,13,edge_flip_vem,,,,262,,,1e-05,0.042592106414632014,0.0042259643248116424,0.03882533551230624,0.0021022132132202387,0.022184520959854126,0.1592838168144226,0.000435334001183433
1222,2.0,11.73283470946137,13,sbm_dpsgd_all_noised,11.245028267672708,2.6680988991802397,0.40561212441504335,10.999985255304406,5.999991957438766,4.999993297865639,1e-05,0.042592106414632014,0.0042259643248116424,0.03882533551230624,0.0956871286034584,0.01158587820827961,0.15471260249614716,0.0013416270803698776
1222,2.0,11.73283470946137,14,edge_flip_vem,,,,320,,,1e-05,0.042592106414632014,0.0042259643248116424,0.03882533551230624,0.15926656126976013,0.0221878495067358,0.0021022132132202387,0.000435334001183433
1222,2.0,11.73283470946137,14,sbm_dpsgd_all_noised,11.245028267672708,2.6680988991802397,0.40561212441504335,10.999985255304406,5.999991957438766,4.999993297865639,1e-05,0.042592106414632014,0.0042259643248116424,0.03882533551230624,0.10167743265628815,0.010136433877050877,0.1448562741279602,0.06713024405241987
1222,2.0,11.73283470946137,15,edge_flip_vem,,,,272,,,1e-05,0.042592106414632014,0.0042259643248116424,0.03882533551230624,0.0021099525038152933,0.022177863866090775,0.1592838168144226,0.000435334001183433
1222,2.0,11.73283470946137,15,sbm_dpsgd_all_noised,11.245028267672708,2.6680988991802397,0.40561212441504335,10.999985255304406,5.999991957438766,4.999993297865639,1e-05,0.042592106414632014,0.0042259643248116424,0.03882533551230624,0.14691345393657684,0.011002635583281517,0.10684369504451752,0.13386286249318233
1222,2.0,11.73283470946137,16,edge_flip_vem,,,,300,,,1e-05,0.042592106414632014,0.0042259643248116424,0.03882533551230624,0.15871243178844452,0.02210490219295025,0.002083744155243039,0.00037236679400348043
1222,2.0,11.73283470946137,16,sbm_dpsgd_all_noised,11.245028267672708,2.6680988991802397,0.40561212441504335,10.999985255304406,5.999991957438766,4.999993297865639,1e-05,0.042592106414632014,0.0042259643248116424,0.03882533551230624,0.13739265501499176,0.007689662277698517,0.11065717786550522,0.11652805682878437
1222,2.0,11.73283470946137,17,edge_flip_vem,,,,294,,,1e-05,0.042592106414632014,0.0042259643248116424,0.03882533551230624,0.0021073727402836084,0.022177863866090775,0.15926656126976013,0.000435334001183433
1222,2.0,11.73283470946137,17,sbm_dpsgd_all_noised,11.245028267672708,2.6680988991802397,0.40561212441504335,10.999985255304406,5.999991957438766,4.999993297865639,1e-05,0.042592106414632014,0.0042259643248116424,0.03882533551230624,0.13735778629779816,0.005404122173786163,0.11609386652708054,0.28535742097619005
1222,2.0,11.73283470946137,18,edge_flip_vem,,,,296,,,1e-05,0.042592106414632014,0.0042259643248116424,0.03882533551230624,0.0021022132132202387,0.022184520959854126,0.15926656126976013,0.000435334001183433
1222,2.0,11.73283470946137,18,sbm_dpsgd_all_noised,11.245028267672708,2.6680988991802397,0.40561212441504335,10.999985255304406,5.999991957438766,4.999993297865639,1e-05,0.042592106414632014,0.0042259643248116424,0.03882533551230624,0.14834526181221008,0.007921223528683186,0.10642141848802567,0.20964523145832276
1222,2.0,11.73283470946137,19,edge_flip_vem,,,,318,,,1e-05,0.042592106414632014,0.0042259643248116424,0.03882533551230624,0.15926656126976013,0.02218119241297245,0.0021073727402836084,0.000435334001183433
1222,2.0,11.73283470946137,19,sbm_dpsgd_all_noised,11.245028267672708,2.6680988991802397,0.40561212441504335,10.999985255304406,5.999991957438766,4.999993297865639,1e-05,0.042592106414632014,0.0042259643248116424,0.03882533551230624,0.11972822993993759,0.008747423067688942,0.12916751205921173,0.0006784282683051857
1222,5.0,4.1499997822328405,0,edge_flip_vem,,,,223,,,1e-05,0.042592106414632014,0.0042259643248116424,0.03882533551230624,0.0035092479083687067,0.027786510065197945,0.19689655303955078,0.0011696057123409243
1222,5.0,4.1499997822328405,0,sbm_dpsgd_all_noised,3.992889115712842,1.033893800850985,0.36711223336187543,10.999985255304406,5.999991957438766,4.999993297865639,1e-05,0.042592106414632014,0.0042259643248116424,0.03882533551230624,0.10830553621053696,0.012395835481584072,0.13718281686306,0.040738400158967396
1222,5.0,4.1499997822328405,1,edge_flip_vem,,,,202,,,1e-05,0.042592106414632014,0.0042259643248116424,0.03882533551230624,0.189607173204422,0.02684592641890049,0.0029638372361660004,0.0024876095942437193
1222,5.0,4.1499997822328405,1,sbm_dpsgd_all_noised,3.992889115712842,1.033893800850985,0.36711223336187543,10.999985255304406,5.999991957438766,4.999993297865639,1e-05,0.042592106414632014,0.0042259643248116424,0.03882533551230624,0.11664615571498871,0.004872200544923544,0.13761460781097412,0.32482395412360776
1222,5.0,4.1499997822328405,2,edge_flip_vem,,,,220,,,1e-05,0.042592106414632014,0.0042259643248116424,0.03882533551230624,0.002820817520841956,0.02739815041422844,0.19107943773269653,0.0019978904421649925
1222,5.0,4.1499997822328405,2,sbm_dpsgd_all_noised,3.992889115712842,1.033893800850985,0.36711223336187543,10.999985255304406,5.999991957438766,4.999993297865639,1e-05,0.042592106414632014,0.0042259643248116424,0.03882533551230624,0.11715351790189743,0.007359604351222515,0.13429324328899384,0.19780849626936223
1222,5.0,4.1499997822328405,3,edge_flip_vem,,,,200,,,1e-05,0.042592106414632014,0.0042259643248116424,0.03882533551230624,0.0032316597644239664,0.026539847254753113,0.19089511036872864,0.0019980171199422015
1222,5.0,4.1499997822328405,3,sbm_dpsgd_all_noised,3.992889115712842,1.033893800850985,0.36711223336187543,10.999985255304406,5.999991957438766,4.999993297865639,1e-05,0.042592106414632014,0.0042259643248116424,0.03882533551230624,0.13941487669944763,0.006337899714708328,0.11393875628709793,0.22753957660637442
1222,5.0,4.1499997822328405,4,edge_flip_vem,,,,206,,,1e-05,0.042592106414632014,0.0042259643248116424,0.03882533551230624,0.0029907971620559692,0.028252994641661644,0.19528840482234955,0.0015569146572460139
1222,5.0,4.1499997822328405,4,sbm_dpsgd_all_noised,3.992889115712842,1.033893800850985,0.36711223336187543,10.999985255304406,5.999991957438766,4.999993297865639,1e-05,0.042592106414632014,0.0042259643248116424,0.03882533551230624,0.10352099686861038,0.0084193991497159,0.14583764970302582,0.07542574432981042
1222,5.0,4.1499997822328405,5,edge_flip_vem,,,,243,,,1e-05,0.042592106414632014,0.0042259643248116424,0.03882533551230624,0.003178940387442708,0.027828792110085487,0.19332730770111084,0.0011739460795933872
1222,5.0,4.1499997822328405,5,sbm_dpsgd_all_noised,3.992889115712842,1.033893800850985,0.36711223336187543,10.999985255304406,5.999991957438766,4.999993297865639,1e-05,0.042592106414632014,0.0042259643248116424,0.03882533551230624,0.12340996414422989,0.005980192217975855,0.12760505080223083,0.2297180068266113
1222,5.0,4.1499997822328405,6,edge_flip_vem,,,,316,,,1e-05,0.042592106414632014,0.0042259643248116424,0.03882533551230624,0.0026428077835589647,0.025514457374811172,0.18385249376296997,0.0021546045805459404
1222,5.0,4.1499997822328405,6,sbm_dpsgd_all_noised,3.992889115712842,1.033893800850985,0.36711223336187543,10.999985255304406,5.999991957438766,4.999993297865639,1e-05,0.042592106414632014,0.0042259643248116424,0.03882533551230624,0.11939208954572678,0.00497920298948884,0.13294750452041626,0.3231389286170877
1222,5.0,4.1499997822328405,7,edge_flip_vem,,,,288,,,1e-05,0.042592106414632014,0.0042259643248116424,0.03882533551230624,0.0030118883587419987,0.028039393946528435,0.1958315372467041,0.0012933087591688703
1222,5.0,4.1499997822328405,7,sbm_dpsgd_all_noised,3.992889115712842,1.033893800850985,0.36711223336187543,10.999985255304406,5.999991957438766,4.999993297865639,1e-05,0.042592106414632014,0.0042259643248116424,0.03882533551230624,0.11274033784866333,0.00937241967767477,0.13847795128822327,0.1123404456994523
1222,5.0,4.1499997822328405,8,edge_flip_vem,,,,197,,,1e-05,0.042592106414632014,0.0042259643248116424,0.03882533551230624,0.19807632267475128,0.028129858896136284,0.0029940479435026646,0.0018447755801356048
1222,5.0,4.1499997822328405,8,sbm_dpsgd_all_noised,3.992889115712842,1.033893800850985,0.36711223336187543,10.999985255304406,5.999991957438766,4.999993297865639,1e-05,0.042592106414632014,0.0042259643248116424,0.03882533551230624,0.1577039211988449,0.008704865351319313,0.09514641761779785,0.0007869642698770001
1222,5.0,4.1499997822328405,9,edge_flip_vem,,,,225,,,1e-05,0.042592106414632014,0.0042259643248116424,0.03882533551230624,0.0033204504288733006,0.027211951091885567,0.19406166672706604,0.002668419000790976
1222,5.0,4.1499997822328405,9,sbm_dpsgd_all_noised,3.992889115712842,1.033893800850985,0.36711223336187543,10.999985255304406,5.999991957438766,4.999993297865639,1e-05,0.042592106414632014,0.0042259643248116424,0.03882533551230624,0.11773976683616638,0.005335637368261814,0.13565215468406677,0.28696531277785653
1222,5.0,4.1499997822328405,10,edge_flip_vem,,,,324,,,1e-05,0.042592106414632014,0.0042259643248116424,0.03882533551230624,0.0033688759431242943,0.02880704775452614,0.19953900575637817,0.0021593214702447213
1222,5.0,4.1499997822328405,10,sbm_dpsgd_all_noised,3.992889115712842,1.033893800850985,0.36711223336187543,10.999985255304406,5.999991957438766,4.999993297865639,1e-05,0.042592106414632014,0.0042259643248116424,0.03882533551230624,0.13956545293331146,0.00805098656564951,0.10813542455434799,0.026420831834702257
1222,5.0,4.1499997822328405,11,edge_flip_vem,,,,210,,,1e-05,0.042592106414632014,0.0042259643248116424,0.03882533551230624,0.0031544414814561605,0.027556942775845528,0.19543908536434174,0.003237328270570253
1222,5.0,4.1499997822328405,11,sbm_dpsgd_all_noised,3.992889115712842,1.033893800850985,0.36711223336187543,10.999985255304406,5.999991957438766,4.999993297865639,1e-05,0.042592106414632014,0.0042259643248116424,0.03882533551230624,0.10317651182413101,0.01100152637809515,0.14645707607269287,0.1184229583213075
1222,5.0,4.1499997822328405,12,edge_flip_vem,,,,194,,,1e-05,0.042592106414632014,0.0042259643248116424,0.03882533551230624,0.003552724840119481,0.027380943298339844,0.19593189656734467,0.0016982521711642875
1222,5.0,4.1499997822328405,12,sbm_dpsgd_all_noised,3.992889115712842,1.033893800850985,0.36711223336187543,10.999985255304406,5.999991957438766,4.999993297865639,1e-05,0.042592106414632014,0.0042259643248116424,0.03882533551230624,0.09676940739154816,0.010294528678059578,0.15293842554092407,0.00930086483247936
1222,5.0,4.1499997822328405,13,edge_flip_vem,,,,169,,,1e-05,0.042592106414632014,0.0042259643248116424,0.03882533551230624,0.0030569597147405148,0.02704586647450924,0.19413164258003235,0.003640020704474317
1222,5.0,4.1499997822328405,13,sbm_dpsgd_all_noised,3.992889115712842,1.033893800850985,0.36711223336187543,10.999985255304406,5.999991957438766,4.999993297865639,1e-05,0.042592106414632014,0.0042259643248116424,0.03882533551230624,0.09622287005186081,0.010566120967268944,0.15239468216896057,0.0015061893514197251
1222,5.0,4.1499997822328405,14,edge_flip_vem,,,,182,,,1e-05,0.042592106414632014,0.0042259643248116424,0.03882533551230624,0.0033794131595641375,0.027146412059664726,0.1933019757270813,0.002321039720332956
1222,5.0,4.1499997822328405,14,sbm_dpsgd_all_noised,3.992889115712842,1.033893800850985,0.36711223336187543,10.999985255304406,5.999991957438766,4.999993297865639,1e-05,0.042592106414632014,0.0042259643248116424,0.03882533551230624,0.10996191948652267,0.00871510524302721,0.13745315372943878,0.004847100876892935
1222,5.0,4.1499997822328405,15,edge_flip_vem,,,,258,,,1e-05,0.042592106414632014,0.0042259643248116424,0.03882533551230624,0.002991245361045003,0.02604581043124199,0.1873329132795334,0.0018487761047774976
1222,5.0,4.1499997822328405,15,sbm_dpsgd_all_noised,3.992889115712842,1.033893800850985,0.36711223336187543,10.999985255304406,5.999991957438766,4.999993297865639,1e-05,0.042592106414632014,0.0042259643248116424,0.03882533551230624,0.14657089114189148,0.012554530054330826,0.10344824939966202,0.07948168981621442
1222,5.0,4.1499997822328405,16,edge_flip_vem,,,,239,,,1e-05,0.042592106414632014,0.0042259643248116424,0.03882533551230624,0.19022326171398163,0.026405667886137962,0.003368537873029709,0.0024849073462891035
1222,5.0,4.1499997822328405,16,sbm_dpsgd_all_noised,3.992889115712842,1.033893800850985,0.36711223336187543,10.999985255304406,5.999991957438766,4.999993297865639,1e-05,0.042592106414632014,0.0042259643248116424,0.03882533551230624,0.1355125457048416,0.007798392791301012,0.11262775957584381,0.16088444564379736
1222,5.0,4.1499997822328405,17,edge_flip_vem,,,,308,,,1e-05,0.042592106414632014,0.0042259643248116424,0.03882533551230624,0.003483187174424529,0.02760518714785576,0.19385908544063568,0.003436018732934531
1222,5.0,4.1499997822328405,17,sbm_dpsgd_all_noised,3.992889115712842,1.033893800850985,0.36711223336187543,10.999985255304406,5.999991957438766,4.999993297865639,1e-05,0.042592106414632014,0.0042259643248116424,0.03882533551230624,0.13688525557518005,0.005964670330286026,0.11650308966636658,0.23817791081938613
1222,5.0,4.1499997822328405,18,edge_flip_vem,,,,184,,,1e-05,0.042592106414632014,0.0042259643248116424,0.03882533551230624,0.18783384561538696,0.02583758905529976,0.002814615610986948,0.0026563048809827433
1222,5.0,4.1499997822328405,18,sbm_dpsgd_all_noised,3.992889115712842,1.033893800850985,0.36711223336187543,10.999985255304406,5.999991957438766,4.999993297865639,1e-05,0.042592106414632014,0.0042259643248116424,0.03882533551230624,0.14948667585849762,0.006818744353950024,0.10578358918428421,0.2551598363394959
1222,5.0,4.1499997822328405,19,edge_flip_vem,,,,243,,,1e-05,0.042592106414632014,0.0042259643248116424,0.03882533551230624,0.19513307511806488,0.027908625081181526,0.0032203386072069407,0.001056577990148861
1222,5.0,4.1499997822328405,19,sbm_dpsgd_all_noised,3.992889115712842,1.033893800850985,0.36711223336187543,10.999985255304406,5.999991957438766,4.999993297865639,1e-05,0.042592106414632014,0.0042259643248116424,0.03882533551230624,0.12079279124736786,0.007966646924614906,0.1289561688899994,0.006983300914029509
1222,10.0,1.9953149314234029,0,edge_flip_vem,,,,270,,,1e-05,0.042592106414632014,0.0042259643248116424,0.03882533551230624,0.004561279900372028,0.03239239379763603,0.24425365030765533,0.0054977733186044216
1222,10.0,1.9953149314234029,0,sbm_dpsgd_all_noised,1.922370693396261,0.5431117353192144,0.3616122489257086,10.999985255304406,5.999991957438766,4.999993297865639,1e-05,0.042592106414632014,0.0042259643248116424,0.03882533551230624,0.11640513688325882,0.011932503432035446,0.12661835551261902,0.05123569725323494
1222,10.0,1.9953149314234029,1,edge_flip_vem,,,,197,,,1e-05,0.042592106414632014,0.0042259643248116424,0.03882533551230624,0.2458256334066391,0.03591322898864746,0.004210962448269129,0.004960692814084422
1222,10.0,1.9953149314234029,1,sbm_dpsgd_all_noised,1.922370693396261,0.5431117353192144,0.3616122489257086,10.999985255304406,5.999991957438766,4.999993297865639,1e-05,0.042592106414632014,0.0042259643248116424,0.03882533551230624,0.11718995124101639,0.005739789456129074,0.13634084165096283,0.2918755011376312
1222,10.0,1.9953149314234029,2,edge_flip_vem,,,,217,,,1e-05,0.042592106414632014,0.0042259643248116424,0.03882533551230624,0.005184154491871595,0.03462168946862221,0.24746419489383698,0.005203806956094603
1222,10.0,1.9953149314234029,2,sbm_dpsgd_all_noised,1.922370693396261,0.5431117353192144,0.3616122489257086,10.999985255304406,5.999991957438766,4.999993297865639,1e-05,0.042592106414632014,0.0042259643248116424,0.03882533551230624,0.11950434744358063,0.007006295491009951,0.13221381604671478,0.21484953071682852
1222,10.0,1.9953149314234029,3,edge_flip_vem,,,,241,,,1e-05,0.042592106414632014,0.0042259643248116424,0.03882533551230624,0.23593378067016602,0.03411594778299332,0.005046222824603319,0.0025809924886699494
1222,10.0,1.9953149314234029,3,sbm_dpsgd_all_noised,1.922370693396261,0.5431117353192144,0.3616122489257086,10.999985255304406,5.999991957438766,4.999993297865639,1e-05,0.042592106414632014,0.0042259643248116424,0.03882533551230624,0.1256493628025055,0.007124655414372683,0.12496630102396011,0.19214690504539764
1222,10.0,1.9953149314234029,4,edge_flip_vem,,,,198,,,1e-05,0.042592106414632014,0.0042259643248116424,0.03882533551230624,0.005059787537902594,0.03307968005537987,0.24054095149040222,0.004361729921144824
1222,10.0,1.9953149314234029,4,sbm_dpsgd_all_noised,1.922370693396261,0.5431117353192144,0.3616122489257086,10.999985255304406,5.999991957438766,4.999993297865639,1e-05,0.042592106414632014,0.0042259643248116424,0.03882533551230624,0.10791167616844177,0.008987465873360634,0.1406189650297165,0.030773292715826704
1222,10.0,1.9953149314234029,5,edge_flip_vem,,,,279,,,1e-05,0.042592106414632014,0.0042259643248116424,0.03882533551230624,0.004670793190598488,0.03626951575279236,0.2465631067752838,0.0032279581474881046
1222,10.0,1.9953149314234029,5,sbm_dpsgd_all_noised,1.922370693396261,0.5431117353192144,0.3616122489257086,10.999985255304406,5.999991957438766,4.999993297865639,1e-05,0.042592106414632014,0.0042259643248116424,0.03882533551230624,0.12496587634086609,0.005938604939728975,0.12602598965168,0.2003577048942364
1222,10.0,1.9953149314234029,6,edge_flip_vem,,,,197,,,1e-05,0.042592106414632014,0.0042259643248116424,0.03882533551230624,0.003975485451519489,0.03674983233213425,0.2551231384277344,0.0020687968045593487
1222,10.0,1.9953149314234029,6,sbm_dpsgd_all_noised,1.922370693396261,0.5431117353192144,0.3616122489257086,10.999985255304406,5.999991957438766,4.999993297865639,1e-05,0.042592106414632014,0.0042259643248116424,0.03882533551230624,0.1251884251832962,0.005395878572016954,0.12620426714420319,0.284545195145097
1222,10.0,1.9953149314234029,7,edge_flip_vem,,,,262,,,1e-05,0.042592106414632014,0.0042259643248116424,0.03882533551230624,0.2350405603647232,0.03480866923928261,0.004015312064439058,0.0054273468670404
1222,10.0,1.9953149314234029,7,sbm_dpsgd_all_noised,1.922370693396261,0.5431117353192144,0.3616122489257086,10.999985255304406,5.999991957438766,4.999993297865639,1e-05,0.042592106414632014,0.0042259643248116424,0.03882533551230624,0.11351663619279861,0.006609385833144188,0.137973815202713,0.2297487779247351
1222,10.0,1.9953149314234029,8,edge_flip_vem,,,,191,,,1e-05,0.042592106414632014,0.0042259643248116424,0.03882533551230624,0.004775212612003088,0.03809467703104019,0.25560852885246277,0.0024391435347548493
1222,10.0,1.9953149314234029,8,sbm_dpsgd_all_noised,1.922370693396261,0.5431117353192144,0.3616122489257086,10.999985255304406,5.999991957438766,4.999993297865639,1e-05,0.042592106414632014,0.0042259643248116424,0.03882533551230624,0.14810113608837128,0.00805523432791233,0.1013246700167656,0.00316603891157862
1222,10.0,1.9953149314234029,9,edge_flip_vem,,,,260,,,1e-05,0.042592106414632014,0.0042259643248116424,0.03882533551230624,0.003817918011918664,0.03342714160680771,0.23999221622943878,0.0014047699188781976
1222,10.0,1.9953149314234029,9,sbm_dpsgd_all_noised,1.922370693396261,0.5431117353192144,0.3616122489257086,10.999985255304406,5.999991957438766,4.999993297865639,1e-05,0.042592106414632014,0.0042259643248116424,0.03882533551230624,0.11722380667924881,0.006411900743842125,0.13461868464946747,0.2221813360966546
1222,10.0,1.9953149314234029,10,edge_flip_vem,,,,240,,,1e-05,0.042592106414632014,0.0042259643248116424,0.03882533551230624,0.0028567230328917503,0.03351057320833206,0.2336217761039734,0.001548846484243308
1222,10.0,1.9953149314234029,10,sbm_dpsgd_all_noised,1.922370693396261,0.5431117353192144,0.3616122489257086,10.999985255304406,5.999991957438766,4.999993297865639,1e-05,0.042592106414632014,0.0042259643248116424,0.03882533551230624,0.12724712491035461,0.009123820811510086,0.11925053596496582,0.04040270967504738
1222,10.0,1.9953149314234029,11,edge_flip_vem,,,,220,,,1e-05,0.042592106414632014,0.0042259643248116424,0.03882533551230624,0.2402118742465973,0.03310220688581467,0.003649067599326372,0.006004125430047342
1222,10.0,1.9953149314234029,11,sbm_dpsgd_all_noised,1.922370693396261,0.5431117353192144,0.3616122489257086,10.999985255304406,5.999991957438766,4.999993297865639,1e-05,0.042592106414632014,0.0042259643248116424,0.03882533551230624,0.10840872675180435,0.01103876531124115,0.13714171946048737,0.10910401000405337
1222,10.0,1.9953149314234029,12,edge_flip_vem,,,,260,,,1e-05,0.042592106414632014,0.0042259643248116424,0.03882533551230624,0.25751325488090515,0.03518804535269737,0.006304643582552671,0.01107021960061885
1222,10.0,1.9953149314234029,12,sbm_dpsgd_all_noised,1.922370693396261,0.5431117353192144,0.3616122489257086,10.999985255304406,5.999991957438766,4.999993297865639,1e-05,0.042592106414632014,0.0042259643248116424,0.03882533551230624,0.11221729218959808,0.007978328503668308,0.13792632520198822,0.2105387689093433
1222,10.0,1.9953149314234029,13,edge_flip_vem,,,,261,,,1e-05,0.042592106414632014,0.0042259643248116424,0.03882533551230624,0.2492871880531311,0.036886610090732574,0.0031788803171366453,0.004447299226838547
1222,10.0,1.9953149314234029,13,sbm_dpsgd_all_noised,1.922370693396261,0.5431117353192144,0.3616122489257086,10.999985255304406,5.999991957438766,4.999993297865639,1e-05,0.042592106414632014,0.0042259643248116424,0.03882533551230624,0.11759186536073685,0.009064922109246254,0.13031010329723358,0.14002412271715686
1222,10.0,1.9953149314234029,14,edge_flip_vem,,,,264,,,1e-05,0.042592106414632014,0.0042259643248116424,0.03882533551230624,0.003848830470815301,0.03512048348784447,0.250781774520874,0.0037089918010142415
1222,10.0,1.9953149314234029,14,sbm_dpsgd_all_noised,1.922370693396261,0.5431117353192144,0.3616122489257086,10.999985255304406,5.999991957438766,4.999993297865639,1e-05,0.042592106414632014,0.0042259643248116424,0.03882533551230624,0.1177511215209961,0.010696073062717915,0.12648823857307434,0.016610593450198767
1222,10.0,1.9953149314234029,15,edge_flip_vem,,,,248,,,1e-05,0.042592106414632014,0.0042259643248116424,0.03882533551230624,0.2407517433166504,0.03200124576687813,0.00414988212287426,0.0063466405734404225
1222,10.0,1.9953149314234029,15,sbm_dpsgd_all_noised,1.922370693396261,0.5431117353192144,0.3616122489257086,10.999985255304406,5.999991957438766,4.999993297865639,1e-05,0.042592106414632014,0.0042259643248116424,0.03882533551230624,0.14409701526165009,0.010049859061837196,0.10696491599082947,0.16967742321674767
1222,10.0,1.9953149314234029,16,edge_flip_vem,,,,193,,,1e-05,0.042592106414632014,0.0042259643248116424,0.03882533551230624,0.005311089567840099,0.033670857548713684,0.2503941059112549,0.005249375271040399
1222,10.0,1.9953149314234029,16,sbm_dpsgd_all_noised,1.922370693396261,0.5431117353192144,0.3616122489257086,10.999985255304406,5.999991957438766,4.999993297865639,1e-05,0.042592106414632014,0.0042259643248116424,0.03882533551230624,0.13400734961032867,0.008107057772576809,0.11390066146850586,0.1618512619638547
1222,10.0,1.9953149314234029,17,edge_flip_vem,,,,249,,,1e-05,0.042592106414632014,0.0042259643248116424,0.03882533551230624,0.004772963002324104,0.03568967431783676,0.24577084183692932,0.002048289359762955
1222,10.0,1.9953149314234029,17,sbm_dpsgd_all_noised,1.922370693396261,0.5431117353192144,0.3616122489257086,10.999985255304406,5.999991957438766,4.999993297865639,1e-05,0.042592106414632014,0.0042259643248116424,0.03882533551230624,0.14011719822883606,0.007065227720886469,0.11252286285161972,0.1813609441470103
1222,10.0,1.9953149314234029,18,edge_flip_vem,,,,224,,,1e-05,0.042592106414632014,0.0042259643248116424,0.03882533551230624,0.23454546928405762,0.03139042854309082,0.002842935035005212,0.00295249091186151
1222,10.0,1.9953149314234029,18,sbm_dpsgd_all_noised,1.922370693396261,0.5431117353192144,0.3616122489257086,10.999985255304406,5.999991957438766,4.999993297865639,1e-05,0.042592106414632014,0.0042259643248116424,0.03882533551230624,0.13496990501880646,0.007497235666960478,0.11501196771860123,0.18456603644875194
1222,10.0,1.9953149314234029,19,edge_flip_vem,,,,273,,,1e-05,0.042592106414632014,0.0042259643248116424,0.03882533551230624,0.25964853167533875,0.03880726173520088,0.004282254725694656,0.003798209886262688
1222,10.0,1.9953149314234029,19,sbm_dpsgd_all_noised,1.922370693396261,0.5431117353192144,0.3616122489257086,10.999985255304406,5.999991957438766,4.999993297865639,1e-05,0.042592106414632014,0.0042259643248116424,0.03882533551230624,0.13226187229156494,0.007597701158374548,0.11776126176118851,0.17097004393219722
