N,K,dc_sigma,normalize_weights,sigma,epsilon,rep,method,epsilon_gamma,epsilon_beta,epsilon_rho,epochs,epochs_gamma,epochs_beta,delta,mean_degree,degree_cv,max_degree,min_degree,weight_mean,weight_cv,lcc_size,lcc_frac,n_components,n_isolated,beta_nominal_00,beta_nominal_01,beta_nominal_11,beta_true_00,beta_true_01,beta_true_11,beta_est_00,beta_est_01,beta_est_11,nmi
500,2,0.25,True,0.5,75.26107361311833,0,edge_flip_vem,,,,236,,,1e-05,54.804,0.2271168276168213,95,26,1.0,0.1818459768096851,500,1.0,1,0,0.2,0.02,0.2,0.1984578313253012,0.019616,0.20234538152610443,0.19845783710479736,0.01961600035429001,0.20234538614749908,1.0
500,2,0.25,True,0.5,75.26107361311833,0,sbm_dpsgd_all_noised,70.77218472422943,12.423129399151788,1.0338953100711687,11.0,6.0,5.0,1e-05,54.804,0.2271168276168213,95,26,1.0,0.1818459768096851,500,1.0,1,0,0.2,0.02,0.2,0.1984578313253012,0.019616,0.20234538152610443,0.17580947279930115,0.11881791055202484,0.15014711022377014,0.0029942257184257266
500,2,0.25,True,0.5,75.26107361311833,1,edge_flip_vem,,,,327,,,1e-05,54.552,0.22863215353642743,105,31,1.0,0.19798177436587147,500,1.0,1,0,0.2,0.02,0.2,0.19816867469879518,0.019552,0.20073895582329318,0.20073895156383514,0.019551999866962433,0.19816868007183075,1.0
500,2,0.25,True,0.5,75.26107361311833,1,sbm_dpsgd_all_noised,70.77218472422943,12.423129399151788,1.0338953100711687,11.0,6.0,5.0,1e-05,54.552,0.22863215353642743,105,31,1.0,0.19798177436587147,500,1.0,1,0,0.2,0.02,0.2,0.19816867469879518,0.019552,0.20073895582329318,0.225614994764328,0.01175023429095745,0.21463114023208618,1.0
500,2,0.25,True,0.5,75.26107361311833,2,edge_flip_vem,,,,230,,,1e-05,54.748,0.23953073037393552,107,30,1.0,0.20102710900174986,500,1.0,1,0,0.2,0.02,0.2,0.20035341365461848,0.020032,0.19916465863453817,0.19916465878486633,0.020031999796628952,0.20035341382026672,1.0
500,2,0.25,True,0.5,75.26107361311833,2,sbm_dpsgd_all_noised,70.77218472422943,12.423129399151788,1.0338953100711687,11.0,6.0,5.0,1e-05,54.748,0.23953073037393552,107,30,1.0,0.20102710900174986,500,1.0,1,0,0.2,0.02,0.2,0.20035341365461848,0.020032,0.19916465863453817,0.21531029045581818,0.012141761370003223,0.2208460122346878,1.0
500,2,0.25,True,0.5,75.26107361311833,3,edge_flip_vem,,,,108,,,1e-05,54.7,0.22502632249762164,102,26,1.0,0.18754822882736677,500,1.0,1,0,0.2,0.02,0.2,0.19103614457831325,0.019696,0.2087710843373494,0.1910361498594284,0.01969599910080433,0.20877107977867126,1.0
500,2,0.25,True,0.5,75.26107361311833,3,sbm_dpsgd_all_noised,70.77218472422943,12.423129399151788,1.0338953100711687,11.0,6.0,5.0,1e-05,54.7,0.22502632249762164,102,26,1.0,0.18754822882736677,500,1.0,1,0,0.2,0.02,0.2,0.19103614457831325,0.019696,0.2087710843373494,0.22268645465373993,0.011851098388433456,0.21075154840946198,1.0
500,2,0.25,True,0.5,75.26107361311833,4,edge_flip_vem,,,,255,,,1e-05,54.12,0.2219492628497291,97,25,1.0,0.19149466541108426,500,1.0,1,0,0.2,0.02,0.2,0.19823293172690762,0.0192,0.19791164658634539,0.19791164994239807,0.019200000911951065,0.19823293387889862,1.0
500,2,0.25,True,0.5,75.26107361311833,4,sbm_dpsgd_all_noised,70.77218472422943,12.423129399151788,1.0338953100711687,11.0,6.0,5.0,1e-05,54.12,0.2219492628497291,97,25,1.0,0.19149466541108426,500,1.0,1,0,0.2,0.02,0.2,0.19823293172690762,0.0192,0.19791164658634539,0.21255064010620117,0.011732276529073715,0.22611618041992188,1.0
500,2,0.25,True,0.5,75.26107361311833,5,edge_flip_vem,,,,210,,,1e-05,55.28,0.22819856521621606,107,27,0.9999999999999999,0.19839433549216073,500,1.0,1,0,0.2,0.02,0.2,0.19659437751004016,0.020576,0.20610441767068274,0.20610441267490387,0.020576000213623047,0.19659437239170074,1.0
500,2,0.25,True,0.5,75.26107361311833,5,sbm_dpsgd_all_noised,70.77218472422943,12.423129399151788,1.0338953100711687,11.0,6.0,5.0,1e-05,55.28,0.22819856521621606,107,27,0.9999999999999999,0.19839433549216073,500,1.0,1,0,0.2,0.02,0.2,0.19659437751004016,0.020576,0.20610441767068274,0.22209356725215912,0.012089371681213379,0.2133236974477768,1.0
500,2,0.25,True,0.5,75.26107361311833,6,edge_flip_vem,,,,309,,,1e-05,54.704,0.2227968442614694,93,29,1.0000000000000002,0.19290200463445561,500,1.0,1,0,0.2,0.02,0.2,0.198714859437751,0.02088,0.19874698795180723,0.19871485233306885,0.020880000665783882,0.19874699413776398,1.0
500,2,0.25,True,0.5,75.26107361311833,6,sbm_dpsgd_all_noised,70.77218472422943,12.423129399151788,1.0338953100711687,11.0,6.0,5.0,1e-05,54.704,0.2227968442614694,93,29,1.0000000000000002,0.19290200463445561,500,1.0,1,0,0.2,0.02,0.2,0.198714859437751,0.02088,0.19874698795180723,0.23084700107574463,0.012976019643247128,0.2116566300392151,1.0
500,2,0.25,True,0.5,75.26107361311833,7,edge_flip_vem,,,,441,,,1e-05,55.312,0.2120124903653836,97,31,1.0,0.17994191612260307,500,1.0,1,0,0.2,0.02,0.2,0.19938955823293172,0.021344,0.20202409638554217,0.1648847758769989,0.11922124028205872,0.08278079330921173,0.001834112280531334
500,2,0.25,True,0.5,75.26107361311833,7,sbm_dpsgd_all_noised,70.77218472422943,12.423129399151788,1.0338953100711687,11.0,6.0,5.0,1e-05,55.312,0.2120124903653836,97,31,1.0,0.17994191612260307,500,1.0,1,0,0.2,0.02,0.2,0.19938955823293172,0.021344,0.20202409638554217,0.2252461016178131,0.013688376173377037,0.21697115898132324,1.0
500,2,0.25,True,0.5,75.26107361311833,8,edge_flip_vem,,,,257,,,1e-05,54.956,0.23201203657710764,104,29,1.0,0.19037711277843733,500,1.0,1,0,0.2,0.02,0.2,0.20324497991967871,0.020384,0.19723694779116466,0.19723695516586304,0.02038400061428547,0.20324498414993286,1.0
500,2,0.25,True,0.5,75.26107361311833,8,sbm_dpsgd_all_noised,70.77218472422943,12.423129399151788,1.0338953100711687,11.0,6.0,5.0,1e-05,54.956,0.23201203657710764,104,29,1.0,0.19037711277843733,500,1.0,1,0,0.2,0.02,0.2,0.20324497991967871,0.020384,0.19723694779116466,0.2018963247537613,0.014012513682246208,0.22973567247390747,0.981182940453905
500,2,0.25,True,0.5,75.26107361311833,9,edge_flip_vem,,,,212,,,1e-05,55.076,0.22560436981011217,108,31,1.0,0.19729482192183767,500,1.0,1,0,0.2,0.02,0.2,0.19749397590361445,0.019536,0.20565461847389557,0.19749397039413452,0.01953599974513054,0.20565462112426758,1.0
500,2,0.25,True,0.5,75.26107361311833,9,sbm_dpsgd_all_noised,70.77218472422943,12.423129399151788,1.0338953100711687,11.0,6.0,5.0,1e-05,55.076,0.22560436981011217,108,31,1.0,0.19729482192183767,500,1.0,1,0,0.2,0.02,0.2,0.19749397590361445,0.019536,0.20565461847389557,0.22113747894763947,0.011793629266321659,0.21871277689933777,1.0
500,2,0.25,True,0.5,75.26107361311833,10,edge_flip_vem,,,,396,,,1e-05,55.156,0.21419329176377871,120,28,0.9999999999999998,0.18243706516840116,500,1.0,1,0,0.2,0.02,0.2,0.20250602409638555,0.020528,0.19929317269076305,0.19929316639900208,0.020527999848127365,0.20250602066516876,1.0
500,2,0.25,True,0.5,75.26107361311833,10,sbm_dpsgd_all_noised,70.77218472422943,12.423129399151788,1.0338953100711687,11.0,6.0,5.0,1e-05,55.156,0.21419329176377871,120,28,0.9999999999999998,0.18243706516840116,500,1.0,1,0,0.2,0.02,0.2,0.20250602409638555,0.020528,0.19929317269076305,0.2134723663330078,0.012129786424338818,0.23265941441059113,1.0
500,2,0.25,True,0.5,75.26107361311833,11,edge_flip_vem,,,,191,,,1e-05,54.956,0.22164504515556593,96,30,1.0,0.18196196362354547,500,1.0,1,0,0.2,0.02,0.2,0.20266666666666666,0.020368,0.19784738955823294,0.20266667008399963,0.020368000492453575,0.1978473961353302,1.0
500,2,0.25,True,0.5,75.26107361311833,11,sbm_dpsgd_all_noised,70.77218472422943,12.423129399151788,1.0338953100711687,11.0,6.0,5.0,1e-05,54.956,0.22164504515556593,96,30,1.0,0.18196196362354547,500,1.0,1,0,0.2,0.02,0.2,0.20266666666666666,0.020368,0.19784738955823294,0.18520019948482513,0.033634036779403687,0.21364863216876984,0.723057311924546
500,2,0.25,True,0.5,75.26107361311833,12,edge_flip_vem,,,,270,,,1e-05,55.4,0.2263108913222625,95,29,1.0,0.18584632291097594,500,1.0,1,0,0.2,0.02,0.2,0.20584738955823292,0.020464,0.19804016064257027,0.1980401575565338,0.02046399936079979,0.2058473825454712,1.0
500,2,0.25,True,0.5,75.26107361311833,12,sbm_dpsgd_all_noised,70.77218472422943,12.423129399151788,1.0338953100711687,11.0,6.0,5.0,1e-05,55.4,0.2263108913222625,95,29,1.0,0.18584632291097594,500,1.0,1,0,0.2,0.02,0.2,0.20584738955823292,0.020464,0.19804016064257027,0.20975090563297272,0.011331027373671532,0.2267339676618576,1.0
500,2,0.25,True,0.5,75.26107361311833,13,edge_flip_vem,,,,196,,,1e-05,54.864,0.22456643649322008,108,30,1.0,0.19408397750982131,500,1.0,1,0,0.2,0.02,0.2,0.20048192771084336,0.020288,0.19945381526104417,0.20048192143440247,0.020287999883294106,0.19945381581783295,1.0
500,2,0.25,True,0.5,75.26107361311833,13,sbm_dpsgd_all_noised,70.77218472422943,12.423129399151788,1.0338953100711687,11.0,6.0,5.0,1e-05,54.864,0.22456643649322008,108,30,1.0,0.19408397750982131,500,1.0,1,0,0.2,0.02,0.2,0.20048192771084336,0.020288,0.19945381526104417,0.2253313660621643,0.011973033659160137,0.21385322511196136,1.0
500,2,0.25,True,0.5,75.26107361311833,14,edge_flip_vem,,,,347,,,1e-05,54.868,0.23397145075093514,110,30,1.0,0.19037241613624162,500,1.0,1,0,0.2,0.02,0.2,0.19784738955823294,0.01992,0.202859437751004,0.20285943150520325,0.019920000806450844,0.1978473961353302,1.0
500,2,0.25,True,0.5,75.26107361311833,14,sbm_dpsgd_all_noised,70.77218472422943,12.423129399151788,1.0338953100711687,11.0,6.0,5.0,1e-05,54.868,0.23397145075093514,110,30,1.0,0.19037241613624162,500,1.0,1,0,0.2,0.02,0.2,0.19784738955823294,0.01992,0.202859437751004,0.21488016843795776,0.021626481786370277,0.2004924714565277,0.8956115963290147
500,2,0.25,True,0.5,75.26107361311833,15,edge_flip_vem,,,,452,,,1e-05,54.82,0.22384624142604936,98,32,1.0,0.1839386205673729,500,1.0,1,0,0.2,0.02,0.2,0.20118875502008032,0.019504,0.19996787148594378,0.1999678760766983,0.01950399950146675,0.20118875801563263,1.0
500,2,0.25,True,0.5,75.26107361311833,15,sbm_dpsgd_all_noised,70.77218472422943,12.423129399151788,1.0338953100711687,11.0,6.0,5.0,1e-05,54.82,0.22384624142604936,98,32,1.0,0.1839386205673729,500,1.0,1,0,0.2,0.02,0.2,0.20118875502008032,0.019504,0.19996787148594378,0.20654618740081787,0.014581580646336079,0.2238217145204544,1.0
500,2,0.25,True,0.5,75.26107361311833,16,edge_flip_vem,,,,307,,,1e-05,54.664,0.2232529101875032,101,27,1.0,0.19005814653352548,500,1.0,1,0,0.2,0.02,0.2,0.20134939759036144,0.020496,0.19656224899598393,0.1965622454881668,0.020495999604463577,0.2013493925333023,1.0
500,2,0.25,True,0.5,75.26107361311833,16,sbm_dpsgd_all_noised,70.77218472422943,12.423129399151788,1.0338953100711687,11.0,6.0,5.0,1e-05,54.664,0.2232529101875032,101,27,1.0,0.19005814653352548,500,1.0,1,0,0.2,0.02,0.2,0.20134939759036144,0.020496,0.19656224899598393,0.2165386825799942,0.01715788245201111,0.20860187709331512,1.0
500,2,0.25,True,0.5,75.26107361311833,17,edge_flip_vem,,,,255,,,1e-05,55.288,0.23018646464620882,100,30,1.0,0.1911140276283385,500,1.0,1,0,0.2,0.02,0.2,0.20160642570281123,0.020432,0.20144578313253012,0.20160642266273499,0.020431999117136,0.2014457881450653,1.0
500,2,0.25,True,0.5,75.26107361311833,17,sbm_dpsgd_all_noised,70.77218472422943,12.423129399151788,1.0338953100711687,11.0,6.0,5.0,1e-05,55.288,0.23018646464620882,100,30,1.0,0.1911140276283385,500,1.0,1,0,0.2,0.02,0.2,0.20160642570281123,0.020432,0.20144578313253012,0.2148248553276062,0.01209715660661459,0.22620214521884918,1.0
500,2,0.25,True,0.5,75.26107361311833,18,edge_flip_vem,,,,190,,,1e-05,55.64,0.2191240652761189,109,29,1.0,0.1902344823252059,500,1.0,1,0,0.2,0.02,0.2,0.20604016064257027,0.02064,0.19942168674698796,0.199421688914299,0.020640000700950623,0.206040158867836,1.0
500,2,0.25,True,0.5,75.26107361311833,18,sbm_dpsgd_all_noised,70.77218472422943,12.423129399151788,1.0338953100711687,11.0,6.0,5.0,1e-05,55.64,0.2191240652761189,109,29,1.0,0.1902344823252059,500,1.0,1,0,0.2,0.02,0.2,0.20604016064257027,0.02064,0.19942168674698796,0.22357307374477386,0.012964765541255474,0.22208501398563385,1.0
500,2,0.25,True,0.5,75.26107361311833,19,edge_flip_vem,,,,289,,,1e-05,54.344,0.22530104899775277,104,29,0.9999999999999998,0.1941465144313283,500,1.0,1,0,0.2,0.02,0.2,0.19604819277108435,0.020288,0.19971084337349398,0.19971084594726562,0.020287999883294106,0.19604820013046265,1.0
500,2,0.25,True,0.5,75.26107361311833,19,sbm_dpsgd_all_noised,70.77218472422943,12.423129399151788,1.0338953100711687,11.0,6.0,5.0,1e-05,54.344,0.22530104899775277,104,29,0.9999999999999998,0.1941465144313283,500,1.0,1,0,0.2,0.02,0.2,0.19604819277108435,0.020288,0.19971084337349398,0.20591826736927032,0.010812018997967243,0.23130957782268524,0.981182940453905
500,2,0.25,True,1.0,27.449962502007253,0,edge_flip_vem,,,,236,,,1e-05,54.804,0.2271168276168213,95,26,1.0,0.1818459768096851,500,1.0,1,0,0.2,0.02,0.2,0.1984578313253012,0.019616,0.20234538152610443,0.19845783710479736,0.01961600035429001,0.20234538614749908,1.0
500,2,0.25,True,1.0,27.449962502007253,0,sbm_dpsgd_all_noised,26.32774027978503,5.635918426327381,0.5431122541136532,11.0,6.0,5.0,1e-05,54.804,0.2271168276168213,95,26,1.0,0.1818459768096851,500,1.0,1,0,0.2,0.02,0.2,0.1984578313253012,0.019616,0.20234538152610443,0.2046569436788559,0.039845630526542664,0.18591821193695068,0.7136563801132055
500,2,0.25,True,1.0,27.449962502007253,1,edge_flip_vem,,,,327,,,1e-05,54.552,0.22863215353642743,105,31,1.0,0.19798177436587147,500,1.0,1,0,0.2,0.02,0.2,0.19816867469879518,0.019552,0.20073895582329318,0.20073895156383514,0.019551999866962433,0.19816868007183075,1.0
500,2,0.25,True,1.0,27.449962502007253,1,sbm_dpsgd_all_noised,26.32774027978503,5.635918426327381,0.5431122541136532,11.0,6.0,5.0,1e-05,54.552,0.22863215353642743,105,31,1.0,0.19798177436587147,500,1.0,1,0,0.2,0.02,0.2,0.19816867469879518,0.019552,0.20073895582329318,0.22687356173992157,0.011865830980241299,0.21373280882835388,1.0
500,2,0.25,True,1.0,27.449962502007253,2,edge_flip_vem,,,,230,,,1e-05,54.748,0.23953073037393552,107,30,1.0,0.20102710900174986,500,1.0,1,0,0.2,0.02,0.2,0.20035341365461848,0.020032,0.19916465863453817,0.19916465878486633,0.020031999796628952,0.20035341382026672,1.0
500,2,0.25,True,1.0,27.449962502007253,2,sbm_dpsgd_all_noised,26.32774027978503,5.635918426327381,0.5431122541136532,11.0,6.0,5.0,1e-05,54.748,0.23953073037393552,107,30,1.0,0.20102710900174986,500,1.0,1,0,0.2,0.02,0.2,0.20035341365461848,0.020032,0.19916465863453817,0.2149292230606079,0.01227304246276617,0.2219407707452774,1.0
500,2,0.25,True,1.0,27.449962502007253,3,edge_flip_vem,,,,108,,,1e-05,54.7,0.22502632249762164,102,26,1.0,0.18754822882736677,500,1.0,1,0,0.2,0.02,0.2,0.19103614457831325,0.019696,0.2087710843373494,0.1910361498594284,0.01969599910080433,0.20877107977867126,1.0
500,2,0.25,True,1.0,27.449962502007253,3,sbm_dpsgd_all_noised,26.32774027978503,5.635918426327381,0.5431122541136532,11.0,6.0,5.0,1e-05,54.7,0.22502632249762164,102,26,1.0,0.18754822882736677,500,1.0,1,0,0.2,0.02,0.2,0.19103614457831325,0.019696,0.2087710843373494,0.22308936715126038,0.012016169726848602,0.2099442034959793,1.0
500,2,0.25,True,1.0,27.449962502007253,4,edge_flip_vem,,,,255,,,1e-05,54.12,0.2219492628497291,97,25,1.0,0.19149466541108426,500,1.0,1,0,0.2,0.02,0.2,0.19823293172690762,0.0192,0.19791164658634539,0.19791164994239807,0.019200000911951065,0.19823293387889862,1.0
500,2,0.25,True,1.0,27.449962502007253,4,sbm_dpsgd_all_noised,26.32774027978503,5.635918426327381,0.5431122541136532,11.0,6.0,5.0,1e-05,54.12,0.2219492628497291,97,25,1.0,0.19149466541108426,500,1.0,1,0,0.2,0.02,0.2,0.19823293172690762,0.0192,0.19791164658634539,0.21403639018535614,0.011759139597415924,0.2247212529182434,1.0
500,2,0.25,True,1.0,27.449962502007253,5,edge_flip_vem,,,,210,,,1e-05,55.28,0.22819856521621606,107,27,0.9999999999999999,0.19839433549216073,500,1.0,1,0,0.2,0.02,0.2,0.19659437751004016,0.020576,0.20610441767068274,0.20610441267490387,0.020576000213623047,0.19659437239170074,1.0
500,2,0.25,True,1.0,27.449962502007253,5,sbm_dpsgd_all_noised,26.32774027978503,5.635918426327381,0.5431122541136532,11.0,6.0,5.0,1e-05,55.28,0.22819856521621606,107,27,0.9999999999999999,0.19839433549216073,500,1.0,1,0,0.2,0.02,0.2,0.19659437751004016,0.020576,0.20610441767068274,0.22158946096897125,0.01215339731425047,0.21459858119487762,1.0
500,2,0.25,True,1.0,27.449962502007253,6,edge_flip_vem,,,,309,,,1e-05,54.704,0.2227968442614694,93,29,1.0000000000000002,0.19290200463445561,500,1.0,1,0,0.2,0.02,0.2,0.198714859437751,0.02088,0.19874698795180723,0.19871485233306885,0.020880000665783882,0.19874699413776398,1.0
500,2,0.25,True,1.0,27.449962502007253,6,sbm_dpsgd_all_noised,26.32774027978503,5.635918426327381,0.5431122541136532,11.0,6.0,5.0,1e-05,54.704,0.2227968442614694,93,29,1.0000000000000002,0.19290200463445561,500,1.0,1,0,0.2,0.02,0.2,0.198714859437751,0.02088,0.19874698795180723,0.23054885864257812,0.01171566080302,0.21270345151424408,1.0
500,2,0.25,True,1.0,27.449962502007253,7,edge_flip_vem,,,,441,,,1e-05,55.312,0.2120124903653836,97,31,1.0,0.17994191612260307,500,1.0,1,0,0.2,0.02,0.2,0.19938955823293172,0.021344,0.20202409638554217,0.1648847758769989,0.11922124028205872,0.08278079330921173,0.001834112280531334
500,2,0.25,True,1.0,27.449962502007253,7,sbm_dpsgd_all_noised,26.32774027978503,5.635918426327381,0.5431122541136532,11.0,6.0,5.0,1e-05,55.312,0.2120124903653836,97,31,1.0,0.17994191612260307,500,1.0,1,0,0.2,0.02,0.2,0.19938955823293172,0.021344,0.20202409638554217,0.22415323555469513,0.013398872688412666,0.21745680272579193,1.0
500,2,0.25,True,1.0,27.449962502007253,8,edge_flip_vem,,,,257,,,1e-05,54.956,0.23201203657710764,104,29,1.0,0.19037711277843733,500,1.0,1,0,0.2,0.02,0.2,0.20324497991967871,0.020384,0.19723694779116466,0.19723695516586304,0.02038400061428547,0.20324498414993286,1.0
500,2,0.25,True,1.0,27.449962502007253,8,sbm_dpsgd_all_noised,26.32774027978503,5.635918426327381,0.5431122541136532,11.0,6.0,5.0,1e-05,54.956,0.23201203657710764,104,29,1.0,0.19037711277843733,500,1.0,1,0,0.2,0.02,0.2,0.20324497991967871,0.020384,0.19723694779116466,0.16194766759872437,0.07347755134105682,0.2038985788822174,0.4437187232890822
500,2,0.25,True,1.0,27.449962502007253,9,edge_flip_vem,,,,212,,,1e-05,55.076,0.22560436981011217,108,31,1.0,0.19729482192183767,500,1.0,1,0,0.2,0.02,0.2,0.19749397590361445,0.019536,0.20565461847389557,0.19749397039413452,0.01953599974513054,0.20565462112426758,1.0
500,2,0.25,True,1.0,27.449962502007253,9,sbm_dpsgd_all_noised,26.32774027978503,5.635918426327381,0.5431122541136532,11.0,6.0,5.0,1e-05,55.076,0.22560436981011217,108,31,1.0,0.19729482192183767,500,1.0,1,0,0.2,0.02,0.2,0.19749397590361445,0.019536,0.20565461847389557,0.2203454226255417,0.011884409934282303,0.21996061503887177,1.0
500,2,0.25,True,1.0,27.449962502007253,10,edge_flip_vem,,,,396,,,1e-05,55.156,0.21419329176377871,120,28,0.9999999999999998,0.18243706516840116,500,1.0,1,0,0.2,0.02,0.2,0.20250602409638555,0.020528,0.19929317269076305,0.19929316639900208,0.020527999848127365,0.20250602066516876,1.0
500,2,0.25,True,1.0,27.449962502007253,10,sbm_dpsgd_all_noised,26.32774027978503,5.635918426327381,0.5431122541136532,11.0,6.0,5.0,1e-05,55.156,0.21419329176377871,120,28,0.9999999999999998,0.18243706516840116,500,1.0,1,0,0.2,0.02,0.2,0.20250602409638555,0.020528,0.19929317269076305,0.21409568190574646,0.012143814004957676,0.23134419322013855,1.0
500,2,0.25,True,1.0,27.449962502007253,11,edge_flip_vem,,,,191,,,1e-05,54.956,0.22164504515556593,96,30,1.0,0.18196196362354547,500,1.0,1,0,0.2,0.02,0.2,0.20266666666666666,0.020368,0.19784738955823294,0.20266667008399963,0.020368000492453575,0.1978473961353302,1.0
500,2,0.25,True,1.0,27.449962502007253,11,sbm_dpsgd_all_noised,26.32774027978503,5.635918426327381,0.5431122541136532,11.0,6.0,5.0,1e-05,54.956,0.22164504515556593,96,30,1.0,0.18196196362354547,500,1.0,1,0,0.2,0.02,0.2,0.20266666666666666,0.020368,0.19784738955823294,0.18065209686756134,0.04019622877240181,0.21070587635040283,0.6681173917079676
500,2,0.25,True,1.0,27.449962502007253,12,edge_flip_vem,,,,270,,,1e-05,55.4,0.2263108913222625,95,29,1.0,0.18584632291097594,500,1.0,1,0,0.2,0.02,0.2,0.20584738955823292,0.020464,0.19804016064257027,0.1980401575565338,0.02046399936079979,0.2058473825454712,1.0
500,2,0.25,True,1.0,27.449962502007253,12,sbm_dpsgd_all_noised,26.32774027978503,5.635918426327381,0.5431122541136532,11.0,6.0,5.0,1e-05,55.4,0.2263108913222625,95,29,1.0,0.18584632291097594,500,1.0,1,0,0.2,0.02,0.2,0.20584738955823292,0.020464,0.19804016064257027,0.2110529989004135,0.01119615975767374,0.22508694231510162,1.0
500,2,0.25,True,1.0,27.449962502007253,13,edge_flip_vem,,,,196,,,1e-05,54.864,0.22456643649322008,108,30,1.0,0.19408397750982131,500,1.0,1,0,0.2,0.02,0.2,0.20048192771084336,0.020288,0.19945381526104417,0.20048192143440247,0.020287999883294106,0.19945381581783295,1.0
500,2,0.25,True,1.0,27.449962502007253,13,sbm_dpsgd_all_noised,26.32774027978503,5.635918426327381,0.5431122541136532,11.0,6.0,5.0,1e-05,54.864,0.22456643649322008,108,30,1.0,0.19408397750982131,500,1.0,1,0,0.2,0.02,0.2,0.20048192771084336,0.020288,0.19945381526104417,0.2254510372877121,0.011979912407696247,0.2125220149755478,1.0
500,2,0.25,True,1.0,27.449962502007253,14,edge_flip_vem,,,,347,,,1e-05,54.868,0.23397145075093514,110,30,1.0,0.19037241613624162,500,1.0,1,0,0.2,0.02,0.2,0.19784738955823294,0.01992,0.202859437751004,0.20285943150520325,0.019920000806450844,0.1978473961353302,1.0
500,2,0.25,True,1.0,27.449962502007253,14,sbm_dpsgd_all_noised,26.32774027978503,5.635918426327381,0.5431122541136532,11.0,6.0,5.0,1e-05,54.868,0.23397145075093514,110,30,1.0,0.19037241613624162,500,1.0,1,0,0.2,0.02,0.2,0.19784738955823294,0.01992,0.202859437751004,0.1901288777589798,0.07367323338985443,0.17231282591819763,0.39319347226663215
500,2,0.25,True,1.0,27.449962502007253,15,edge_flip_vem,,,,452,,,1e-05,54.82,0.22384624142604936,98,32,1.0,0.1839386205673729,500,1.0,1,0,0.2,0.02,0.2,0.20118875502008032,0.019504,0.19996787148594378,0.1999678760766983,0.01950399950146675,0.20118875801563263,1.0
500,2,0.25,True,1.0,27.449962502007253,15,sbm_dpsgd_all_noised,26.32774027978503,5.635918426327381,0.5431122541136532,11.0,6.0,5.0,1e-05,54.82,0.22384624142604936,98,32,1.0,0.1839386205673729,500,1.0,1,0,0.2,0.02,0.2,0.20118875502008032,0.019504,0.19996787148594378,0.20605911314487457,0.015123876743018627,0.2229890525341034,1.0
500,2,0.25,True,1.0,27.449962502007253,16,edge_flip_vem,,,,307,,,1e-05,54.664,0.2232529101875032,101,27,1.0,0.19005814653352548,500,1.0,1,0,0.2,0.02,0.2,0.20134939759036144,0.020496,0.19656224899598393,0.1965622454881668,0.020495999604463577,0.2013493925333023,1.0
500,2,0.25,True,1.0,27.449962502007253,16,sbm_dpsgd_all_noised,26.32774027978503,5.635918426327381,0.5431122541136532,11.0,6.0,5.0,1e-05,54.664,0.2232529101875032,101,27,1.0,0.19005814653352548,500,1.0,1,0,0.2,0.02,0.2,0.20134939759036144,0.020496,0.19656224899598393,0.20914816856384277,0.029023056849837303,0.19646455347537994,0.8993572484755795
500,2,0.25,True,1.0,27.449962502007253,17,edge_flip_vem,,,,255,,,1e-05,55.288,0.23018646464620882,100,30,1.0,0.1911140276283385,500,1.0,1,0,0.2,0.02,0.2,0.20160642570281123,0.020432,0.20144578313253012,0.20160642266273499,0.020431999117136,0.2014457881450653,1.0
500,2,0.25,True,1.0,27.449962502007253,17,sbm_dpsgd_all_noised,26.32774027978503,5.635918426327381,0.5431122541136532,11.0,6.0,5.0,1e-05,55.288,0.23018646464620882,100,30,1.0,0.1911140276283385,500,1.0,1,0,0.2,0.02,0.2,0.20160642570281123,0.020432,0.20144578313253012,0.21478722989559174,0.012060384266078472,0.2264689803123474,1.0
500,2,0.25,True,1.0,27.449962502007253,18,edge_flip_vem,,,,190,,,1e-05,55.64,0.2191240652761189,109,29,1.0,0.1902344823252059,500,1.0,1,0,0.2,0.02,0.2,0.20604016064257027,0.02064,0.19942168674698796,0.199421688914299,0.020640000700950623,0.206040158867836,1.0
500,2,0.25,True,1.0,27.449962502007253,18,sbm_dpsgd_all_noised,26.32774027978503,5.635918426327381,0.5431122541136532,11.0,6.0,5.0,1e-05,55.64,0.2191240652761189,109,29,1.0,0.1902344823252059,500,1.0,1,0,0.2,0.02,0.2,0.20604016064257027,0.02064,0.19942168674698796,0.22384999692440033,0.012768673710525036,0.2221306413412094,1.0
500,2,0.25,True,1.0,27.449962502007253,19,edge_flip_vem,,,,289,,,1e-05,54.344,0.22530104899775277,104,29,0.9999999999999998,0.1941465144313283,500,1.0,1,0,0.2,0.02,0.2,0.19604819277108435,0.020288,0.19971084337349398,0.19971084594726562,0.020287999883294106,0.19604820013046265,1.0
500,2,0.25,True,1.0,27.449962502007253,19,sbm_dpsgd_all_noised,26.32774027978503,5.635918426327381,0.5431122541136532,11.0,6.0,5.0,1e-05,54.344,0.22530104899775277,104,29,0.9999999999999998,0.1941465144313283,500,1.0,1,0,0.2,0.02,0.2,0.19604819277108435,0.020288,0.19971084337349398,0.20698267221450806,0.011105062440037727,0.22813692688941956,1.0
500,2,0.25,True,2.0,11.732851621374003,0,edge_flip_vem,,,,236,,,1e-05,54.804,0.2271168276168213,95,26,1.0,0.1818459768096851,500,1.0,1,0,0.2,0.02,0.2,0.1984578313253012,0.019616,0.20234538152610443,0.19845299422740936,0.019608289003372192,0.20234060287475586,1.0
500,2,0.25,True,2.0,11.732851621374003,0,sbm_dpsgd_all_noised,11.245049229064149,2.668102829441137,0.40561225411365304,11.0,6.0,5.0,1e-05,54.804,0.2271168276168213,95,26,1.0,0.1818459768096851,500,1.0,1,0,0.2,0.02,0.2,0.1984578313253012,0.019616,0.20234538152610443,0.21671020984649658,0.023140117526054382,0.19458860158920288,0.8267922275699815
500,2,0.25,True,2.0,11.732851621374003,1,edge_flip_vem,,,,327,,,1e-05,54.552,0.22863215353642743,105,31,1.0,0.19798177436587147,500,1.0,1,0,0.2,0.02,0.2,0.19816867469879518,0.019552,0.20073895582329318,0.20073415338993073,0.019544288516044617,0.19816383719444275,1.0
500,2,0.25,True,2.0,11.732851621374003,1,sbm_dpsgd_all_noised,11.245049229064149,2.668102829441137,0.40561225411365304,11.0,6.0,5.0,1e-05,54.552,0.22863215353642743,105,31,1.0,0.19798177436587147,500,1.0,1,0,0.2,0.02,0.2,0.19816867469879518,0.019552,0.20073895582329318,0.22824715077877045,0.01216067560017109,0.21209119260311127,1.0
500,2,0.25,True,2.0,11.732851621374003,2,edge_flip_vem,,,,263,,,1e-05,54.748,0.23953073037393552,107,30,1.0,0.20102710900174986,500,1.0,1,0,0.2,0.02,0.2,0.20035341365461848,0.020032,0.19916465863453817,0.19915983080863953,0.020040296018123627,0.2003486007452011,1.0
500,2,0.25,True,2.0,11.732851621374003,2,sbm_dpsgd_all_noised,11.245049229064149,2.668102829441137,0.40561225411365304,11.0,6.0,5.0,1e-05,54.748,0.23953073037393552,107,30,1.0,0.20102710900174986,500,1.0,1,0,0.2,0.02,0.2,0.20035341365461848,0.020032,0.19916465863453817,0.21280190348625183,0.01216504443436861,0.22452449798583984,1.0
500,2,0.25,True,2.0,11.732851621374003,3,edge_flip_vem,,,,107,,,1e-05,54.7,0.22502632249762164,102,26,1.0,0.18754822882736677,500,1.0,1,0,0.2,0.02,0.2,0.19103614457831325,0.019696,0.2087710843373494,0.19103118777275085,0.019736291840672493,0.20873427391052246,1.0
500,2,0.25,True,2.0,11.732851621374003,3,sbm_dpsgd_all_noised,11.245049229064149,2.668102829441137,0.40561225411365304,11.0,6.0,5.0,1e-05,54.7,0.22502632249762164,102,26,1.0,0.18754822882736677,500,1.0,1,0,0.2,0.02,0.2,0.19103614457831325,0.019696,0.2087710843373494,0.22457563877105713,0.012226144783198833,0.20773808658123016,1.0
500,2,0.25,True,2.0,11.732851621374003,4,edge_flip_vem,,,,184,,,1e-05,54.12,0.2219492628497291,97,25,1.0,0.19149466541108426,500,1.0,1,0,0.2,0.02,0.2,0.19823293172690762,0.0192,0.19791164658634539,0.19787466526031494,0.019208282232284546,0.19822809100151062,1.0
500,2,0.25,True,2.0,11.732851621374003,4,sbm_dpsgd_all_noised,11.245049229064149,2.668102829441137,0.40561225411365304,11.0,6.0,5.0,1e-05,54.12,0.2219492628497291,97,25,1.0,0.19149466541108426,500,1.0,1,0,0.2,0.02,0.2,0.19823293172690762,0.0192,0.19791164658634539,0.21309904754161835,0.010995379649102688,0.22563962638378143,1.0
500,2,0.25,True,2.0,11.732851621374003,5,edge_flip_vem,,,,208,,,1e-05,55.28,0.22819856521621606,107,27,0.9999999999999999,0.19839433549216073,500,1.0,1,0,0.2,0.02,0.2,0.19659437751004016,0.020576,0.20610441767068274,0.20613183081150055,0.020568303763866425,0.19655737280845642,1.0
500,2,0.25,True,2.0,11.732851621374003,5,sbm_dpsgd_all_noised,11.245049229064149,2.668102829441137,0.40561225411365304,11.0,6.0,5.0,1e-05,55.28,0.22819856521621606,107,27,0.9999999999999999,0.19839433549216073,500,1.0,1,0,0.2,0.02,0.2,0.19659437751004016,0.020576,0.20610441767068274,0.22151653468608856,0.011858802288770676,0.21315066516399384,1.0
500,2,0.25,True,2.0,11.732851621374003,6,edge_flip_vem,,,,309,,,1e-05,54.704,0.2227968442614694,93,29,1.0000000000000002,0.19290200463445561,500,1.0,1,0,0.2,0.02,0.2,0.198714859437751,0.02088,0.19874698795180723,0.19871002435684204,0.020872309803962708,0.19874215126037598,1.0
500,2,0.25,True,2.0,11.732851621374003,6,sbm_dpsgd_all_noised,11.245049229064149,2.668102829441137,0.40561225411365304,11.0,6.0,5.0,1e-05,54.704,0.2227968442614694,93,29,1.0000000000000002,0.19290200463445561,500,1.0,1,0,0.2,0.02,0.2,0.198714859437751,0.02088,0.19874698795180723,0.22857841849327087,0.012360322289168835,0.20865043997764587,0.981182940453905
500,2,0.25,True,2.0,11.732851621374003,7,edge_flip_vem,,,,402,,,1e-05,55.312,0.2120124903653836,97,31,1.0,0.17994191612260307,500,1.0,1,0,0.2,0.02,0.2,0.19938955823293172,0.021344,0.20202409638554217,0.08294472098350525,0.11973264813423157,0.165011927485466,0.0018456273715596366
500,2,0.25,True,2.0,11.732851621374003,7,sbm_dpsgd_all_noised,11.245049229064149,2.668102829441137,0.40561225411365304,11.0,6.0,5.0,1e-05,55.312,0.2120124903653836,97,31,1.0,0.17994191612260307,500,1.0,1,0,0.2,0.02,0.2,0.19938955823293172,0.021344,0.20202409638554217,0.2245461344718933,0.013597252778708935,0.21757374703884125,1.0
500,2,0.25,True,2.0,11.732851621374003,8,edge_flip_vem,,,,273,,,1e-05,54.956,0.23201203657710764,104,29,1.0,0.19037711277843733,500,1.0,1,0,0.2,0.02,0.2,0.20324497991967871,0.020384,0.19723694779116466,0.19723208248615265,0.02037630043923855,0.20327234268188477,1.0
500,2,0.25,True,2.0,11.732851621374003,8,sbm_dpsgd_all_noised,11.245049229064149,2.668102829441137,0.40561225411365304,11.0,6.0,5.0,1e-05,54.956,0.23201203657710764,104,29,1.0,0.19037711277843733,500,1.0,1,0,0.2,0.02,0.2,0.20324497991967871,0.020384,0.19723694779116466,0.1987709403038025,0.02100258320569992,0.21650555729866028,0.8161375653872441
500,2,0.25,True,2.0,11.732851621374003,9,edge_flip_vem,,,,206,,,1e-05,55.076,0.22560436981011217,108,31,1.0,0.19729482192183767,500,1.0,1,0,0.2,0.02,0.2,0.19749397590361445,0.019536,0.20565461847389557,0.19748912751674652,0.019544288516044617,0.20564989745616913,1.0
500,2,0.25,True,2.0,11.732851621374003,9,sbm_dpsgd_all_noised,11.245049229064149,2.668102829441137,0.40561225411365304,11.0,6.0,5.0,1e-05,55.076,0.22560436981011217,108,31,1.0,0.19729482192183767,500,1.0,1,0,0.2,0.02,0.2,0.19749397590361445,0.019536,0.20565461847389557,0.2215491533279419,0.011819398030638695,0.2192106395959854,1.0
500,2,0.25,True,2.0,11.732851621374003,10,edge_flip_vem,,,,396,,,1e-05,55.156,0.21419329176377871,120,28,0.9999999999999998,0.18243706516840116,500,1.0,1,0,0.2,0.02,0.2,0.20250602409638555,0.020528,0.19929317269076305,0.19928833842277527,0.020520303398370743,0.20250125229358673,1.0
500,2,0.25,True,2.0,11.732851621374003,10,sbm_dpsgd_all_noised,11.245049229064149,2.668102829441137,0.40561225411365304,11.0,6.0,5.0,1e-05,55.156,0.21419329176377871,120,28,0.9999999999999998,0.18243706516840116,500,1.0,1,0,0.2,0.02,0.2,0.20250602409638555,0.020528,0.19929317269076305,0.21195723116397858,0.012389453127980232,0.23333685100078583,1.0
500,2,0.25,True,2.0,11.732851621374003,11,edge_flip_vem,,,,121,,,1e-05,54.956,0.22164504515556593,96,30,1.0,0.18196196362354547,500,1.0,1,0,0.2,0.02,0.2,0.20266666666666666,0.020368,0.19784738955823294,0.20269402861595154,0.020360300317406654,0.197842538356781,1.0
500,2,0.25,True,2.0,11.732851621374003,11,sbm_dpsgd_all_noised,11.245049229064149,2.668102829441137,0.40561225411365304,11.0,6.0,5.0,1e-05,54.956,0.22164504515556593,96,30,1.0,0.18196196362354547,500,1.0,1,0,0.2,0.02,0.2,0.20266666666666666,0.020368,0.19784738955823294,0.1896977722644806,0.02691449224948883,0.2170865833759308,0.7791537886116198
500,2,0.25,True,2.0,11.732851621374003,12,edge_flip_vem,,,,251,,,1e-05,55.4,0.2263108913222625,95,29,1.0,0.18584632291097594,500,1.0,1,0,0.2,0.02,0.2,0.20584738955823292,0.020464,0.19804016064257027,0.20584267377853394,0.020456302911043167,0.19806744158267975,1.0
500,2,0.25,True,2.0,11.732851621374003,12,sbm_dpsgd_all_noised,11.245049229064149,2.668102829441137,0.40561225411365304,11.0,6.0,5.0,1e-05,55.4,0.2263108913222625,95,29,1.0,0.18584632291097594,500,1.0,1,0,0.2,0.02,0.2,0.20584738955823292,0.020464,0.19804016064257027,0.2101072072982788,0.011122367344796658,0.22768141329288483,1.0
500,2,0.25,True,2.0,11.732851621374003,13,edge_flip_vem,,,,196,,,1e-05,54.864,0.22456643649322008,108,30,1.0,0.19408397750982131,500,1.0,1,0,0.2,0.02,0.2,0.20048192771084336,0.020288,0.19945381526104417,0.20047712326049805,0.020280299708247185,0.19944898784160614,1.0
500,2,0.25,True,2.0,11.732851621374003,13,sbm_dpsgd_all_noised,11.245049229064149,2.668102829441137,0.40561225411365304,11.0,6.0,5.0,1e-05,54.864,0.22456643649322008,108,30,1.0,0.19408397750982131,500,1.0,1,0,0.2,0.02,0.2,0.20048192771084336,0.020288,0.19945381526104417,0.2228778600692749,0.011960363015532494,0.21476441621780396,1.0
500,2,0.25,True,2.0,11.732851621374003,14,edge_flip_vem,,,,314,,,1e-05,54.868,0.23397145075093514,110,30,1.0,0.19037241613624162,500,1.0,1,0,0.2,0.02,0.2,0.19784738955823294,0.01992,0.202859437751004,0.20285466313362122,0.01992829330265522,0.19781041145324707,1.0
500,2,0.25,True,2.0,11.732851621374003,14,sbm_dpsgd_all_noised,11.245049229064149,2.668102829441137,0.40561225411365304,11.0,6.0,5.0,1e-05,54.868,0.23397145075093514,110,30,1.0,0.19037241613624162,500,1.0,1,0,0.2,0.02,0.2,0.19784738955823294,0.01992,0.202859437751004,0.18378300964832306,0.08952268213033676,0.1661568284034729,0.3036450634794337
500,2,0.25,True,2.0,11.732851621374003,15,edge_flip_vem,,,,438,,,1e-05,54.82,0.22384624142604936,98,32,1.0,0.1839386205673729,500,1.0,1,0,0.2,0.02,0.2,0.20118875502008032,0.019504,0.19996787148594378,0.1999630481004715,0.01951228827238083,0.2011839598417282,1.0
500,2,0.25,True,2.0,11.732851621374003,15,sbm_dpsgd_all_noised,11.245049229064149,2.668102829441137,0.40561225411365304,11.0,6.0,5.0,1e-05,54.82,0.22384624142604936,98,32,1.0,0.1839386205673729,500,1.0,1,0,0.2,0.02,0.2,0.20118875502008032,0.019504,0.19996787148594378,0.21684624254703522,0.010724103078246117,0.22479332983493805,1.0
500,2,0.25,True,2.0,11.732851621374003,16,edge_flip_vem,,,,302,,,1e-05,54.664,0.2232529101875032,101,27,1.0,0.19005814653352548,500,1.0,1,0,0.2,0.02,0.2,0.20134939759036144,0.020496,0.19656224899598393,0.19655737280845642,0.020488303154706955,0.20137673616409302,1.0
500,2,0.25,True,2.0,11.732851621374003,16,sbm_dpsgd_all_noised,11.245049229064149,2.668102829441137,0.40561225411365304,11.0,6.0,5.0,1e-05,54.664,0.2232529101875032,101,27,1.0,0.19005814653352548,500,1.0,1,0,0.2,0.02,0.2,0.20134939759036144,0.020496,0.19656224899598393,0.19094610214233398,0.07196716219186783,0.1707625836133957,0.49055712210995456
500,2,0.25,True,2.0,11.732851621374003,17,edge_flip_vem,,,,255,,,1e-05,55.288,0.23018646464620882,100,30,1.0,0.1911140276283385,500,1.0,1,0,0.2,0.02,0.2,0.20160642570281123,0.020432,0.20144578313253012,0.20160163938999176,0.02042430266737938,0.2014409899711609,1.0
500,2,0.25,True,2.0,11.732851621374003,17,sbm_dpsgd_all_noised,11.245049229064149,2.668102829441137,0.40561225411365304,11.0,6.0,5.0,1e-05,55.288,0.23018646464620882,100,30,1.0,0.1911140276283385,500,1.0,1,0,0.2,0.02,0.2,0.20160642570281123,0.020432,0.20144578313253012,0.21510463953018188,0.012068339623510838,0.22523486614227295,1.0
500,2,0.25,True,2.0,11.732851621374003,18,edge_flip_vem,,,,190,,,1e-05,55.64,0.2191240652761189,109,29,1.0,0.1902344823252059,500,1.0,1,0,0.2,0.02,0.2,0.20604016064257027,0.02064,0.19942168674698796,0.1994168609380722,0.02063230611383915,0.20603543519973755,1.0
500,2,0.25,True,2.0,11.732851621374003,18,sbm_dpsgd_all_noised,11.245049229064149,2.668102829441137,0.40561225411365304,11.0,6.0,5.0,1e-05,55.64,0.2191240652761189,109,29,1.0,0.1902344823252059,500,1.0,1,0,0.2,0.02,0.2,0.20604016064257027,0.02064,0.19942168674698796,0.22594395279884338,0.01305349264293909,0.21992631256580353,1.0
500,2,0.25,True,2.0,11.732851621374003,19,edge_flip_vem,,,,267,,,1e-05,54.344,0.22530104899775277,104,29,0.9999999999999998,0.1941465144313283,500,1.0,1,0,0.2,0.02,0.2,0.19604819277108435,0.020288,0.19971084337349398,0.19970601797103882,0.02029629983007908,0.19604331254959106,1.0
500,2,0.25,True,2.0,11.732851621374003,19,sbm_dpsgd_all_noised,11.245049229064149,2.668102829441137,0.40561225411365304,11.0,6.0,5.0,1e-05,54.344,0.22530104899775277,104,29,0.9999999999999998,0.1941465144313283,500,1.0,1,0,0.2,0.02,0.2,0.19604819277108435,0.020288,0.19971084337349398,0.2080937772989273,0.011555329896509647,0.22676031291484833,1.0
500,2,0.25,True,5.0,4.150006096013556,0,edge_flip_vem,,,,302,,,1e-05,54.804,0.2271168276168213,95,26,1.0,0.1818459768096851,500,1.0,1,0,0.2,0.02,0.2,0.1984578313253012,0.019616,0.20234538152610443,0.19877880811691284,0.018692540004849434,0.20219404995441437,1.0
500,2,0.25,True,5.0,4.150006096013556,0,sbm_dpsgd_all_noised,3.992894984902444,1.0338953100711687,0.36711225411365295,11.0,6.0,5.0,1e-05,54.804,0.2271168276168213,95,26,1.0,0.1818459768096851,500,1.0,1,0,0.2,0.02,0.2,0.1984578313253012,0.019616,0.20234538152610443,0.20232048630714417,0.03712112829089165,0.1897132843732834,0.699278392320374
500,2,0.25,True,5.0,4.150006096013556,1,edge_flip_vem,,,,395,,,1e-05,54.552,0.22863215353642743,105,31,1.0,0.19798177436587147,500,1.0,1,0,0.2,0.02,0.2,0.19816867469879518,0.019552,0.20073895582329318,0.1996409147977829,0.018758591264486313,0.19944196939468384,1.0
500,2,0.25,True,5.0,4.150006096013556,1,sbm_dpsgd_all_noised,3.992894984902444,1.0338953100711687,0.36711225411365295,11.0,6.0,5.0,1e-05,54.552,0.22863215353642743,105,31,1.0,0.19798177436587147,500,1.0,1,0,0.2,0.02,0.2,0.19816867469879518,0.019552,0.20073895582329318,0.22360646724700928,0.012790428474545479,0.21052268147468567,0.9530566686527554
500,2,0.25,True,5.0,4.150006096013556,2,edge_flip_vem,,,,243,,,1e-05,54.748,0.23953073037393552,107,30,1.0,0.20102710900174986,500,1.0,1,0,0.2,0.02,0.2,0.20035341365461848,0.020032,0.19916465863453817,0.19954143464565277,0.02118593454360962,0.1999393254518509,1.0
500,2,0.25,True,5.0,4.150006096013556,2,sbm_dpsgd_all_noised,3.992894984902444,1.0338953100711687,0.36711225411365295,11.0,6.0,5.0,1e-05,54.748,0.23953073037393552,107,30,1.0,0.20102710900174986,500,1.0,1,0,0.2,0.02,0.2,0.20035341365461848,0.020032,0.19916465863453817,0.2141585648059845,0.01240601111203432,0.22169208526611328,1.0
500,2,0.25,True,5.0,4.150006096013556,3,edge_flip_vem,,,,110,,,1e-05,54.7,0.22502632249762164,102,26,1.0,0.18754822882736677,500,1.0,1,0,0.2,0.02,0.2,0.19103614457831325,0.019696,0.2087710843373494,0.19111938774585724,0.020178668200969696,0.20935611426830292,1.0
500,2,0.25,True,5.0,4.150006096013556,3,sbm_dpsgd_all_noised,3.992894984902444,1.0338953100711687,0.36711225411365295,11.0,6.0,5.0,1e-05,54.7,0.22502632249762164,102,26,1.0,0.18754822882736677,500,1.0,1,0,0.2,0.02,0.2,0.19103614457831325,0.019696,0.2087710843373494,0.2265569567680359,0.011657890863716602,0.20410482585430145,1.0
500,2,0.25,True,5.0,4.150006096013556,4,edge_flip_vem,,,,332,,,1e-05,54.12,0.2219492628497291,97,25,1.0,0.19149466541108426,500,1.0,1,0,0.2,0.02,0.2,0.19823293172690762,0.0192,0.19791164658634539,0.1969882994890213,0.01874207891523838,0.19775092601776123,1.0
500,2,0.25,True,5.0,4.150006096013556,4,sbm_dpsgd_all_noised,3.992894984902444,1.0338953100711687,0.36711225411365295,11.0,6.0,5.0,1e-05,54.12,0.2219492628497291,97,25,1.0,0.19149466541108426,500,1.0,1,0,0.2,0.02,0.2,0.19823293172690762,0.0192,0.19791164658634539,0.19556021690368652,0.030676843598484993,0.20681236684322357,0.7406464738768442
500,2,0.25,True,5.0,4.150006096013556,5,edge_flip_vem,,,,249,,,1e-05,55.28,0.22819856521621606,107,27,0.9999999999999999,0.19839433549216073,500,1.0,1,0,0.2,0.02,0.2,0.19659437751004016,0.020576,0.20610441767068274,0.206670343875885,0.02168131060898304,0.19715408980846405,1.0
500,2,0.25,True,5.0,4.150006096013556,5,sbm_dpsgd_all_noised,3.992894984902444,1.0338953100711687,0.36711225411365295,11.0,6.0,5.0,1e-05,55.28,0.22819856521621606,107,27,0.9999999999999999,0.19839433549216073,500,1.0,1,0,0.2,0.02,0.2,0.19659437751004016,0.020576,0.20610441767068274,0.2212696671485901,0.01200917549431324,0.21194861829280853,1.0
500,2,0.25,True,5.0,4.150006096013556,6,edge_flip_vem,,,,347,,,1e-05,54.704,0.2227968442614694,93,29,1.0000000000000002,0.19290200463445561,500,1.0,1,0,0.2,0.02,0.2,0.198714859437751,0.02088,0.19874698795180723,0.19775092601776123,0.020938245579600334,0.1986130177974701,1.0
500,2,0.25,True,5.0,4.150006096013556,6,sbm_dpsgd_all_noised,3.992894984902444,1.0338953100711687,0.36711225411365295,11.0,6.0,5.0,1e-05,54.704,0.2227968442614694,93,29,1.0000000000000002,0.19290200463445561,500,1.0,1,0,0.2,0.02,0.2,0.198714859437751,0.02088,0.19874698795180723,0.22273771464824677,0.013134393841028214,0.2124166637659073,1.0
500,2,0.25,True,5.0,4.150006096013556,7,edge_flip_vem,,,,447,,,1e-05,55.312,0.2120124903653836,97,31,1.0,0.17994191612260307,500,1.0,1,0,0.2,0.02,0.2,0.19938955823293172,0.021344,0.20202409638554217,0.20136511325836182,0.021483158692717552,0.20003880560398102,1.0
500,2,0.25,True,5.0,4.150006096013556,7,sbm_dpsgd_all_noised,3.992894984902444,1.0338953100711687,0.36711225411365295,11.0,6.0,5.0,1e-05,55.312,0.2120124903653836,97,31,1.0,0.17994191612260307,500,1.0,1,0,0.2,0.02,0.2,0.19938955823293172,0.021344,0.20202409638554217,0.21881908178329468,0.015367142856121063,0.22039677202701569,0.981182940453905
500,2,0.25,True,5.0,4.150006096013556,8,edge_flip_vem,,,,290,,,1e-05,54.956,0.23201203657710764,104,29,1.0,0.19037711277843733,500,1.0,1,0,0.2,0.02,0.2,0.20324497991967871,0.020384,0.19723694779116466,0.19778408110141754,0.020541945472359657,0.2032882571220398,1.0
500,2,0.25,True,5.0,4.150006096013556,8,sbm_dpsgd_all_noised,3.992894984902444,1.0338953100711687,0.36711225411365295,11.0,6.0,5.0,1e-05,54.956,0.23201203657710764,104,29,1.0,0.19037711277843733,500,1.0,1,0,0.2,0.02,0.2,0.20324497991967871,0.020384,0.19723694779116466,0.16861747205257416,0.08204738050699234,0.18094097077846527,0.3248111839393185
500,2,0.25,True,5.0,4.150006096013556,9,edge_flip_vem,,,,164,,,1e-05,55.076,0.22560436981011217,108,31,1.0,0.19729482192183767,500,1.0,1,0,0.2,0.02,0.2,0.19749397590361445,0.019536,0.20565461847389557,0.20580825209617615,0.019765855744481087,0.19741934537887573,1.0
500,2,0.25,True,5.0,4.150006096013556,9,sbm_dpsgd_all_noised,3.992894984902444,1.0338953100711687,0.36711225411365295,11.0,6.0,5.0,1e-05,55.076,0.22560436981011217,108,31,1.0,0.19729482192183767,500,1.0,1,0,0.2,0.02,0.2,0.19749397590361445,0.019536,0.20565461847389557,0.21697841584682465,0.015103642828762531,0.22230938076972961,0.9475719741127369
500,2,0.25,True,5.0,4.150006096013556,10,edge_flip_vem,,,,364,,,1e-05,55.156,0.21419329176377871,120,28,0.9999999999999998,0.18243706516840116,500,1.0,1,0,0.2,0.02,0.2,0.20250602409638555,0.020528,0.19929317269076305,0.19980670511722565,0.02077312022447586,0.20245932042598724,1.0
500,2,0.25,True,5.0,4.150006096013556,10,sbm_dpsgd_all_noised,3.992894984902444,1.0338953100711687,0.36711225411365295,11.0,6.0,5.0,1e-05,55.156,0.21419329176377871,120,28,0.9999999999999998,0.18243706516840116,500,1.0,1,0,0.2,0.02,0.2,0.20250602409638555,0.020528,0.19929317269076305,0.21068546175956726,0.013629489578306675,0.23191924393177032,0.981182940453905
500,2,0.25,True,5.0,4.150006096013556,11,edge_flip_vem,,,,189,,,1e-05,54.956,0.22164504515556593,96,30,1.0,0.18196196362354547,500,1.0,1,0,0.2,0.02,0.2,0.20266666666666666,0.020368,0.19784738955823294,0.2036529928445816,0.01999703049659729,0.19824828207492828,1.0
500,2,0.25,True,5.0,4.150006096013556,11,sbm_dpsgd_all_noised,3.992894984902444,1.0338953100711687,0.36711225411365295,11.0,6.0,5.0,1e-05,54.956,0.22164504515556593,96,30,1.0,0.18196196362354547,500,1.0,1,0,0.2,0.02,0.2,0.20266666666666666,0.020368,0.19784738955823294,0.19245438277721405,0.026057710871100426,0.2166450172662735,0.7258055324414107
500,2,0.25,True,5.0,4.150006096013556,12,edge_flip_vem,,,,177,,,1e-05,55.4,0.2263108913222625,95,29,1.0,0.18584632291097594,500,1.0,1,0,0.2,0.02,0.2,0.20584738955823292,0.020464,0.19804016064257027,0.1982814520597458,0.021086858585476875,0.2072671800851822,1.0
500,2,0.25,True,5.0,4.150006096013556,12,sbm_dpsgd_all_noised,3.992894984902444,1.0338953100711687,0.36711225411365295,11.0,6.0,5.0,1e-05,55.4,0.2263108913222625,95,29,1.0,0.18584632291097594,500,1.0,1,0,0.2,0.02,0.2,0.20584738955823292,0.020464,0.19804016064257027,0.2138882428407669,0.012650714255869389,0.22841809689998627,1.0
500,2,0.25,True,5.0,4.150006096013556,13,edge_flip_vem,,,,223,,,1e-05,54.864,0.22456643649322008,108,30,1.0,0.19408397750982131,500,1.0,1,0,0.2,0.02,0.2,0.20048192771084336,0.020288,0.19945381526104417,0.20139826834201813,0.01965026743710041,0.1996740698814392,1.0
500,2,0.25,True,5.0,4.150006096013556,13,sbm_dpsgd_all_noised,3.992894984902444,1.0338953100711687,0.36711225411365295,11.0,6.0,5.0,1e-05,54.864,0.22456643649322008,108,30,1.0,0.19408397750982131,500,1.0,1,0,0.2,0.02,0.2,0.20048192771084336,0.020288,0.19945381526104417,0.21570295095443726,0.011977550573647022,0.21828962862491608,1.0
500,2,0.25,True,5.0,4.150006096013556,14,edge_flip_vem,,,,442,,,1e-05,54.868,0.23397145075093514,110,30,1.0,0.19037241613624162,500,1.0,1,0,0.2,0.02,0.2,0.19784738955823294,0.01992,0.202859437751004,0.20292352139949799,0.0201291311532259,0.19668987393379211,1.0
500,2,0.25,True,5.0,4.150006096013556,14,sbm_dpsgd_all_noised,3.992894984902444,1.0338953100711687,0.36711225411365295,11.0,6.0,5.0,1e-05,54.868,0.23397145075093514,110,30,1.0,0.19037241613624162,500,1.0,1,0,0.2,0.02,0.2,0.19784738955823294,0.01992,0.202859437751004,0.19092565774917603,0.04134658724069595,0.19911368191242218,0.6667403205806005
500,2,0.25,True,5.0,4.150006096013556,15,edge_flip_vem,,,,437,,,1e-05,54.82,0.22384624142604936,98,32,1.0,0.1839386205673729,500,1.0,1,0,0.2,0.02,0.2,0.20118875502008032,0.019504,0.19996787148594378,0.19891144335269928,0.01908884197473526,0.20146457850933075,1.0
500,2,0.25,True,5.0,4.150006096013556,15,sbm_dpsgd_all_noised,3.992894984902444,1.0338953100711687,0.36711225411365295,11.0,6.0,5.0,1e-05,54.82,0.22384624142604936,98,32,1.0,0.1839386205673729,500,1.0,1,0,0.2,0.02,0.2,0.20118875502008032,0.019504,0.19996787148594378,0.1844319850206375,0.04395110905170441,0.20218528807163239,0.647149768092456
500,2,0.25,True,5.0,4.150006096013556,16,edge_flip_vem,,,,242,,,1e-05,54.664,0.2232529101875032,101,27,1.0,0.19005814653352548,500,1.0,1,0,0.2,0.02,0.2,0.20134939759036144,0.020496,0.19656224899598393,0.195330411195755,0.021037321537733078,0.20192879438400269,1.0
500,2,0.25,True,5.0,4.150006096013556,16,sbm_dpsgd_all_noised,3.992894984902444,1.0338953100711687,0.36711225411365295,11.0,6.0,5.0,1e-05,54.664,0.2232529101875032,101,27,1.0,0.19005814653352548,500,1.0,1,0,0.2,0.02,0.2,0.20134939759036144,0.020496,0.19656224899598393,0.1936100721359253,0.0658566951751709,0.17459636926651,0.556187497996624
500,2,0.25,True,5.0,4.150006096013556,17,edge_flip_vem,,,,228,,,1e-05,55.288,0.23018646464620882,100,30,1.0,0.1911140276283385,500,1.0,1,0,0.2,0.02,0.2,0.20160642570281123,0.020432,0.20144578313253012,0.2009672224521637,0.020393332466483116,0.201961949467659,1.0
500,2,0.25,True,5.0,4.150006096013556,17,sbm_dpsgd_all_noised,3.992894984902444,1.0338953100711687,0.36711225411365295,11.0,6.0,5.0,1e-05,55.288,0.23018646464620882,100,30,1.0,0.1911140276283385,500,1.0,1,0,0.2,0.02,0.2,0.20160642570281123,0.020432,0.20144578313253012,0.21540626883506775,0.012543220072984695,0.2258629947900772,1.0
500,2,0.25,True,5.0,4.150006096013556,18,edge_flip_vem,,,,242,,,1e-05,55.64,0.2191240652761189,109,29,1.0,0.1902344823252059,500,1.0,1,0,0.2,0.02,0.2,0.20604016064257027,0.02064,0.19942168674698796,0.19990617036819458,0.021945510059595108,0.20650455355644226,1.0
500,2,0.25,True,5.0,4.150006096013556,18,sbm_dpsgd_all_noised,3.992894984902444,1.0338953100711687,0.36711225411365295,11.0,6.0,5.0,1e-05,55.64,0.2191240652761189,109,29,1.0,0.1902344823252059,500,1.0,1,0,0.2,0.02,0.2,0.20604016064257027,0.02064,0.19942168674698796,0.22222331166267395,0.012668613344430923,0.22231008112430573,1.0
500,2,0.25,True,5.0,4.150006096013556,19,edge_flip_vem,,,,269,,,1e-05,54.344,0.22530104899775277,104,29,0.9999999999999998,0.1941465144313283,500,1.0,1,0,0.2,0.02,0.2,0.19604819277108435,0.020288,0.19971084337349398,0.1982814520597458,0.019270479679107666,0.19688881933689117,1.0
500,2,0.25,True,5.0,4.150006096013556,19,sbm_dpsgd_all_noised,3.992894984902444,1.0338953100711687,0.36711225411365295,11.0,6.0,5.0,1e-05,54.344,0.22530104899775277,104,29,0.9999999999999998,0.1941465144313283,500,1.0,1,0,0.2,0.02,0.2,0.19604819277108435,0.020288,0.19971084337349398,0.2120993733406067,0.012421554885804653,0.21876201033592224,0.9663653678534111
500,2,0.25,True,10.0,1.9953178628215948,0,edge_flip_vem,,,,438,,,1e-05,54.804,0.2271168276168213,95,26,1.0,0.1818459768096851,500,1.0,1,0,0.2,0.02,0.2,0.1984578313253012,0.019616,0.20234538152610443,0.2005782127380371,0.019017131999135017,0.19694553315639496,1.0
500,2,0.25,True,10.0,1.9953178628215948,0,sbm_dpsgd_all_noised,1.9223734183771504,0.5431122541136532,0.361612254113653,11.0,6.0,5.0,1e-05,54.804,0.2271168276168213,95,26,1.0,0.1818459768096851,500,1.0,1,0,0.2,0.02,0.2,0.1984578313253012,0.019616,0.20234538152610443,0.20495961606502533,0.029657376930117607,0.19630372524261475,0.723057311924546
500,2,0.25,True,10.0,1.9953178628215948,1,edge_flip_vem,,,,594,,,1e-05,54.552,0.22863215353642743,105,31,1.0,0.19798177436587147,500,1.0,1,0,0.2,0.02,0.2,0.19816867469879518,0.019552,0.20073895582329318,0.20654341578483582,0.1429658979177475,0.08535467833280563,0.00018316741128494081
500,2,0.25,True,10.0,1.9953178628215948,1,sbm_dpsgd_all_noised,1.9223734183771504,0.5431122541136532,0.361612254113653,11.0,6.0,5.0,1e-05,54.552,0.22863215353642743,105,31,1.0,0.19798177436587147,500,1.0,1,0,0.2,0.02,0.2,0.19816867469879518,0.019552,0.20073895582329318,0.17963260412216187,0.08962547034025192,0.16485324501991272,0.263108738552256
500,2,0.25,True,10.0,1.9953178628215948,2,edge_flip_vem,,,,495,,,1e-05,54.748,0.23953073037393552,107,30,1.0,0.20102710900174986,500,1.0,1,0,0.2,0.02,0.2,0.20035341365461848,0.020032,0.19916465863453817,0.19876186549663544,0.02229871228337288,0.19846618175506592,1.0
500,2,0.25,True,10.0,1.9953178628215948,2,sbm_dpsgd_all_noised,1.9223734183771504,0.5431122541136532,0.361612254113653,11.0,6.0,5.0,1e-05,54.748,0.23953073037393552,107,30,1.0,0.20102710900174986,500,1.0,1,0,0.2,0.02,0.2,0.20035341365461848,0.020032,0.19916465863453817,0.21249546110630035,0.01692134514451027,0.21983544528484344,0.919494037317958
500,2,0.25,True,10.0,1.9953178628215948,3,edge_flip_vem,,,,656,,,1e-05,54.7,0.22502632249762164,102,26,1.0,0.18754822882736677,500,1.0,1,0,0.2,0.02,0.2,0.19103614457831325,0.019696,0.2087710843373494,0.07484693080186844,0.10954874008893967,0.18193171918392181,0.018115077938728893
500,2,0.25,True,10.0,1.9953178628215948,3,sbm_dpsgd_all_noised,1.9223734183771504,0.5431122541136532,0.361612254113653,11.0,6.0,5.0,1e-05,54.7,0.22502632249762164,102,26,1.0,0.18754822882736677,500,1.0,1,0,0.2,0.02,0.2,0.19103614457831325,0.019696,0.2087710843373494,0.21798086166381836,0.013664198108017445,0.21478720009326935,0.9663653678534111
500,2,0.25,True,10.0,1.9953178628215948,4,edge_flip_vem,,,,476,,,1e-05,54.12,0.2219492628497291,97,25,1.0,0.19149466541108426,500,1.0,1,0,0.2,0.02,0.2,0.19823293172690762,0.0192,0.19791164658634539,0.20231007039546967,0.016387661918997765,0.19779033958911896,1.0
500,2,0.25,True,10.0,1.9953178628215948,4,sbm_dpsgd_all_noised,1.9223734183771504,0.5431122541136532,0.361612254113653,11.0,6.0,5.0,1e-05,54.12,0.2219492628497291,97,25,1.0,0.19149466541108426,500,1.0,1,0,0.2,0.02,0.2,0.19823293172690762,0.0192,0.19791164658634539,0.18004000186920166,0.07626619189977646,0.18104198575019836,0.4106778901125705
500,2,0.25,True,10.0,1.9953178628215948,5,edge_flip_vem,,,,744,,,1e-05,55.28,0.22819856521621606,107,27,0.9999999999999999,0.19839433549216073,500,1.0,1,0,0.2,0.02,0.2,0.19659437751004016,0.020576,0.20610441767068274,0.07948756963014603,0.13456863164901733,0.19272463023662567,0.0003750066465820613
500,2,0.25,True,10.0,1.9953178628215948,5,sbm_dpsgd_all_noised,1.9223734183771504,0.5431122541136532,0.361612254113653,11.0,6.0,5.0,1e-05,55.28,0.22819856521621606,107,27,0.9999999999999999,0.19839433549216073,500,1.0,1,0,0.2,0.02,0.2,0.19659437751004016,0.020576,0.20610441767068274,0.22164662182331085,0.013709891587495804,0.21623370051383972,1.0
500,2,0.25,True,10.0,1.9953178628215948,6,edge_flip_vem,,,,582,,,1e-05,54.704,0.2227968442614694,93,29,1.0000000000000002,0.19290200463445561,500,1.0,1,0,0.2,0.02,0.2,0.198714859437751,0.02088,0.19874698795180723,0.1688305288553238,0.11962819844484329,0.06959975510835648,0.0003043346652740675
500,2,0.25,True,10.0,1.9953178628215948,6,sbm_dpsgd_all_noised,1.9223734183771504,0.5431122541136532,0.361612254113653,11.0,6.0,5.0,1e-05,54.704,0.2227968442614694,93,29,1.0000000000000002,0.19290200463445561,500,1.0,1,0,0.2,0.02,0.2,0.198714859437751,0.02088,0.19874698795180723,0.21264366805553436,0.017241638153791428,0.21550406515598297,0.9194940373179579
500,2,0.25,True,10.0,1.9953178628215948,7,edge_flip_vem,,,,718,,,1e-05,55.312,0.2120124903653836,97,31,1.0,0.17994191612260307,500,1.0,1,0,0.2,0.02,0.2,0.19938955823293172,0.021344,0.20202409638554217,0.17652177810668945,0.12188743054866791,0.07433941960334778,0.0003213045049425688
500,2,0.25,True,10.0,1.9953178628215948,7,sbm_dpsgd_all_noised,1.9223734183771504,0.5431122541136532,0.361612254113653,11.0,6.0,5.0,1e-05,55.312,0.2120124903653836,97,31,1.0,0.17994191612260307,500,1.0,1,0,0.2,0.02,0.2,0.19938955823293172,0.021344,0.20202409638554217,0.19491790235042572,0.052802570164203644,0.1913759410381317,0.5505476165070847
500,2,0.25,True,10.0,1.9953178628215948,8,edge_flip_vem,,,,582,,,1e-05,54.956,0.23201203657710764,104,29,1.0,0.19037711277843733,500,1.0,1,0,0.2,0.02,0.2,0.20324497991967871,0.020384,0.19723694779116466,0.19915898144245148,0.13556016981601715,0.07978812605142593,0.0043906427558276775
500,2,0.25,True,10.0,1.9953178628215948,8,sbm_dpsgd_all_noised,1.9223734183771504,0.5431122541136532,0.361612254113653,11.0,6.0,5.0,1e-05,54.956,0.23201203657710764,104,29,1.0,0.19037711277843733,500,1.0,1,0,0.2,0.02,0.2,0.20324497991967871,0.020384,0.19723694779116466,0.2055971473455429,0.016597460955381393,0.21753528714179993,0.8591258874884565
500,2,0.25,True,10.0,1.9953178628215948,9,edge_flip_vem,,,,515,,,1e-05,55.076,0.22560436981011217,108,31,1.0,0.19729482192183767,500,1.0,1,0,0.2,0.02,0.2,0.19749397590361445,0.019536,0.20565461847389557,0.08012338727712631,0.12319018691778183,0.19245165586471558,0.003095909803680393
500,2,0.25,True,10.0,1.9953178628215948,9,sbm_dpsgd_all_noised,1.9223734183771504,0.5431122541136532,0.361612254113653,11.0,6.0,5.0,1e-05,55.076,0.22560436981011217,108,31,1.0,0.19729482192183767,500,1.0,1,0,0.2,0.02,0.2,0.19749397590361445,0.019536,0.20565461847389557,0.21440885961055756,0.018143944442272186,0.222007155418396,0.8823649750258832
500,2,0.25,True,10.0,1.9953178628215948,10,edge_flip_vem,,,,572,,,1e-05,55.156,0.21419329176377871,120,28,0.9999999999999998,0.18243706516840116,500,1.0,1,0,0.2,0.02,0.2,0.20250602409638555,0.020528,0.19929317269076305,0.18581731617450714,0.1309714913368225,0.08047181367874146,0.0014925703291106445
500,2,0.25,True,10.0,1.9953178628215948,10,sbm_dpsgd_all_noised,1.9223734183771504,0.5431122541136532,0.361612254113653,11.0,6.0,5.0,1e-05,55.156,0.21419329176377871,120,28,0.9999999999999998,0.18243706516840116,500,1.0,1,0,0.2,0.02,0.2,0.20250602409638555,0.020528,0.19929317269076305,0.20955613255500793,0.01897040195763111,0.21219970285892487,0.8385554151677808
500,2,0.25,True,10.0,1.9953178628215948,11,edge_flip_vem,,,,496,,,1e-05,54.956,0.22164504515556593,96,30,1.0,0.18196196362354547,500,1.0,1,0,0.2,0.02,0.2,0.20266666666666666,0.020368,0.19784738955823294,0.21288299560546875,0.13848058879375458,0.08973000198602676,0.006816642304106887
500,2,0.25,True,10.0,1.9953178628215948,11,sbm_dpsgd_all_noised,1.9223734183771504,0.5431122541136532,0.361612254113653,11.0,6.0,5.0,1e-05,54.956,0.22164504515556593,96,30,1.0,0.18196196362354547,500,1.0,1,0,0.2,0.02,0.2,0.20266666666666666,0.020368,0.19784738955823294,0.19343174993991852,0.0307066198438406,0.20710185170173645,0.6842759197528161
500,2,0.25,True,10.0,1.9953178628215948,12,edge_flip_vem,,,,576,,,1e-05,55.4,0.2263108913222625,95,29,1.0,0.18584632291097594,500,1.0,1,0,0.2,0.02,0.2,0.20584738955823292,0.020464,0.19804016064257027,0.21162545680999756,0.13949845731258392,0.08444300293922424,7.272454012455992e-05
500,2,0.25,True,10.0,1.9953178628215948,12,sbm_dpsgd_all_noised,1.9223734183771504,0.5431122541136532,0.361612254113653,11.0,6.0,5.0,1e-05,55.4,0.2263108913222625,95,29,1.0,0.18584632291097594,500,1.0,1,0,0.2,0.02,0.2,0.20584738955823292,0.020464,0.19804016064257027,0.19161848723888397,0.03647400438785553,0.20739276707172394,0.6886426295707182
500,2,0.25,True,10.0,1.9953178628215948,13,edge_flip_vem,,,,444,,,1e-05,54.864,0.22456643649322008,108,30,1.0,0.19408397750982131,500,1.0,1,0,0.2,0.02,0.2,0.20048192771084336,0.020288,0.19945381526104417,0.1949179768562317,0.022109391167759895,0.20095837116241455,1.0
500,2,0.25,True,10.0,1.9953178628215948,13,sbm_dpsgd_all_noised,1.9223734183771504,0.5431122541136532,0.361612254113653,11.0,6.0,5.0,1e-05,54.864,0.22456643649322008,108,30,1.0,0.19408397750982131,500,1.0,1,0,0.2,0.02,0.2,0.20048192771084336,0.020288,0.19945381526104417,0.21513070166110992,0.01966143772006035,0.20244763791561127,0.841049419950004
500,2,0.25,True,10.0,1.9953178628215948,14,edge_flip_vem,,,,559,,,1e-05,54.868,0.23397145075093514,110,30,1.0,0.19037241613624162,500,1.0,1,0,0.2,0.02,0.2,0.19784738955823294,0.01992,0.202859437751004,0.19572055339813232,0.0209103524684906,0.20378848910331726,1.0
500,2,0.25,True,10.0,1.9953178628215948,14,sbm_dpsgd_all_noised,1.9223734183771504,0.5431122541136532,0.361612254113653,11.0,6.0,5.0,1e-05,54.868,0.23397145075093514,110,30,1.0,0.19037241613624162,500,1.0,1,0,0.2,0.02,0.2,0.19784738955823294,0.01992,0.202859437751004,0.21109935641288757,0.02168058417737484,0.20415112376213074,0.7763583355155198
500,2,0.25,True,10.0,1.9953178628215948,15,edge_flip_vem,,,,714,,,1e-05,54.82,0.22384624142604936,98,32,1.0,0.1839386205673729,500,1.0,1,0,0.2,0.02,0.2,0.20118875502008032,0.019504,0.19996787148594378,0.07293357700109482,0.11859695613384247,0.17664611339569092,0.00011422598641897977
500,2,0.25,True,10.0,1.9953178628215948,15,sbm_dpsgd_all_noised,1.9223734183771504,0.5431122541136532,0.361612254113653,11.0,6.0,5.0,1e-05,54.82,0.22384624142604936,98,32,1.0,0.1839386205673729,500,1.0,1,0,0.2,0.02,0.2,0.20118875502008032,0.019504,0.19996787148594378,0.22282171249389648,0.01270968560129404,0.21547003090381622,0.9663653678534111
500,2,0.25,True,10.0,1.9953178628215948,16,edge_flip_vem,,,,535,,,1e-05,54.664,0.2232529101875032,101,27,1.0,0.19005814653352548,500,1.0,1,0,0.2,0.02,0.2,0.20134939759036144,0.020496,0.19656224899598393,0.2015487253665924,0.018136437982320786,0.19873175024986267,0.981182940453905
500,2,0.25,True,10.0,1.9953178628215948,16,sbm_dpsgd_all_noised,1.9223734183771504,0.5431122541136532,0.361612254113653,11.0,6.0,5.0,1e-05,54.664,0.2232529101875032,101,27,1.0,0.19005814653352548,500,1.0,1,0,0.2,0.02,0.2,0.20134939759036144,0.020496,0.19656224899598393,0.2166823148727417,0.018256204202771187,0.20666445791721344,0.8740964865788509
500,2,0.25,True,10.0,1.9953178628215948,17,edge_flip_vem,,,,414,,,1e-05,55.288,0.23018646464620882,100,30,1.0,0.1911140276283385,500,1.0,1,0,0.2,0.02,0.2,0.20160642570281123,0.020432,0.20144578313253012,0.18847382068634033,0.1266537606716156,0.07715383917093277,5.570448697530042e-05
500,2,0.25,True,10.0,1.9953178628215948,17,sbm_dpsgd_all_noised,1.9223734183771504,0.5431122541136532,0.361612254113653,11.0,6.0,5.0,1e-05,55.288,0.23018646464620882,100,30,1.0,0.1911140276283385,500,1.0,1,0,0.2,0.02,0.2,0.20160642570281123,0.020432,0.20144578313253012,0.19556066393852234,0.03513028472661972,0.2036510854959488,0.7051671806368004
500,2,0.25,True,10.0,1.9953178628215948,18,edge_flip_vem,,,,428,,,1e-05,55.64,0.2191240652761189,109,29,1.0,0.1902344823252059,500,1.0,1,0,0.2,0.02,0.2,0.20604016064257027,0.02064,0.19942168674698796,0.19848297536373138,0.022688880562782288,0.2104216367006302,0.9663653678534111
500,2,0.25,True,10.0,1.9953178628215948,18,sbm_dpsgd_all_noised,1.9223734183771504,0.5431122541136532,0.361612254113653,11.0,6.0,5.0,1e-05,55.64,0.2191240652761189,109,29,1.0,0.1902344823252059,500,1.0,1,0,0.2,0.02,0.2,0.20604016064257027,0.02064,0.19942168674698796,0.22287032008171082,0.014738475903868675,0.21910734474658966,0.9663653678534111
500,2,0.25,True,10.0,1.9953178628215948,19,edge_flip_vem,,,,530,,,1e-05,54.344,0.22530104899775277,104,29,0.9999999999999998,0.1941465144313283,500,1.0,1,0,0.2,0.02,0.2,0.19604819277108435,0.020288,0.19971084337349398,0.196030855178833,0.14032647013664246,0.0812305212020874,6.945966960213817e-05
500,2,0.25,True,10.0,1.9953178628215948,19,sbm_dpsgd_all_noised,1.9223734183771504,0.5431122541136532,0.361612254113653,11.0,6.0,5.0,1e-05,54.344,0.22530104899775277,104,29,0.9999999999999998,0.1941465144313283,500,1.0,1,0,0.2,0.02,0.2,0.19604819277108435,0.020288,0.19971084337349398,0.16345053911209106,0.11528453975915909,0.1600983589887619,0.01186043288259841
