N,K,dc_sigma,normalize_weights,sigma,epsilon,rep,method,epsilon_gamma,epsilon_beta,epochs,epochs_gamma,epochs_beta,delta,mean_degree,degree_cv,max_degree,min_degree,weight_mean,weight_cv,lcc_size,lcc_frac,n_components,n_isolated,beta_nominal_00,beta_nominal_01,beta_nominal_11,beta_true_00,beta_true_01,beta_true_11,beta_est_00,beta_est_01,beta_est_11,nmi
500,2,0.25,True,1.0,27.43885139089614,0,edge_flip_vem,,,234,,,1e-05,54.072,0.24132525645871206,100,28,1.0,0.18894521440993947,500,1.0,1,0,0.2,0.02,0.2,0.19412048192771084,0.0192,0.20163855421686747,0.19412048161029816,0.019200000911951065,0.20163854956626892,1.0
500,2,0.25,True,1.0,27.43885139089614,0,edge_flip_spectral,,,,,,1e-05,54.072,0.24132525645871206,100,28,1.0,0.18894521440993947,500,1.0,1,0,0.2,0.02,0.2,0.19412048192771084,0.0192,0.20163855421686747,0.19412048161029816,0.019200000911951065,0.20163854956626892,1.0
500,2,0.25,True,1.0,27.43885139089614,0,sbm_dpsgd_all_noised,26.32774027978503,5.635918426327381,11.0,6.0,5.0,1e-05,54.072,0.24132525645871206,100,28,1.0,0.18894521440993947,500,1.0,1,0,0.2,0.02,0.2,0.19412048192771084,0.0192,0.20163855421686747,0.21722213923931122,0.012014822103083134,0.21634678542613983,0.981182940453905
500,2,0.25,True,2.0,11.728684954707337,0,edge_flip_vem,,,239,,,1e-05,54.072,0.24132525645871206,100,28,1.0,0.18894521440993947,500,1.0,1,0,0.2,0.02,0.2,0.19412048192771084,0.0192,0.20163855421686747,0.19408342242240906,0.019192250445485115,0.2016337513923645,1.0
500,2,0.25,True,2.0,11.728684954707337,0,edge_flip_spectral,,,,,,1e-05,54.072,0.24132525645871206,100,28,1.0,0.18894521440993947,500,1.0,1,0,0.2,0.02,0.2,0.19412048192771084,0.0192,0.20163855421686747,0.19408342242240906,0.019192250445485115,0.2016337513923645,1.0
500,2,0.25,True,2.0,11.728684954707337,0,sbm_dpsgd_all_noised,11.245049229064149,2.668102829441137,11.0,6.0,5.0,1e-05,54.072,0.24132525645871206,100,28,1.0,0.18894521440993947,500,1.0,1,0,0.2,0.02,0.2,0.19412048192771084,0.0192,0.20163855421686747,0.2136058211326599,0.01456716749817133,0.21409231424331665,0.9475719741127369
500,2,0.25,True,5.0,4.1484505404580005,0,edge_flip_vem,,,279,,,1e-05,54.072,0.24132525645871206,100,28,1.0,0.18894521440993947,500,1.0,1,0,0.2,0.02,0.2,0.19412048192771084,0.0192,0.20163855421686747,0.19345852732658386,0.018883584067225456,0.20224575698375702,1.0
500,2,0.25,True,5.0,4.1484505404580005,0,edge_flip_spectral,,,,,,1e-05,54.072,0.24132525645871206,100,28,1.0,0.18894521440993947,500,1.0,1,0,0.2,0.02,0.2,0.19412048192771084,0.0192,0.20163855421686747,0.19345852732658386,0.018883584067225456,0.20224575698375702,1.0
500,2,0.25,True,5.0,4.1484505404580005,0,sbm_dpsgd_all_noised,3.992894984902444,1.0338953100711687,11.0,6.0,5.0,1e-05,54.072,0.24132525645871206,100,28,1.0,0.18894521440993947,500,1.0,1,0,0.2,0.02,0.2,0.19412048192771084,0.0192,0.20163855421686747,0.2067086100578308,0.02349853701889515,0.20659448206424713,0.8608755657311985
500,2,0.25,True,10.0,1.9945956405993723,0,edge_flip_vem,,,589,,,1e-05,54.072,0.24132525645871206,100,28,1.0,0.18894521440993947,500,1.0,1,0,0.2,0.02,0.2,0.19412048192771084,0.0192,0.20163855421686747,0.21694976091384888,0.14345680177211761,0.0850270465016365,0.0001867051980965573
500,2,0.25,True,10.0,1.9945956405993723,0,edge_flip_spectral,,,,,,1e-05,54.072,0.24132525645871206,100,28,1.0,0.18894521440993947,500,1.0,1,0,0.2,0.02,0.2,0.19412048192771084,0.0192,0.20163855421686747,0.19494140148162842,0.019951801747083664,0.20284195244312286,1.0
500,2,0.25,True,10.0,1.9945956405993723,0,sbm_dpsgd_all_noised,1.9223734183771504,0.5431122541136532,11.0,6.0,5.0,1e-05,54.072,0.24132525645871206,100,28,1.0,0.18894521440993947,500,1.0,1,0,0.2,0.02,0.2,0.19412048192771084,0.0192,0.20163855421686747,0.20585405826568604,0.02549211122095585,0.20579880475997925,0.8057004757816506
500,2,0.25,True,20.0,0.977390412892278,0,edge_flip_vem,,,555,,,1e-05,54.072,0.24132525645871206,100,28,1.0,0.18894521440993947,500,1.0,1,0,0.2,0.02,0.2,0.19412048192771084,0.0192,0.20163855421686747,0.30710363388061523,0.17962755262851715,0.08977659791707993,0.00537365801209311
500,2,0.25,True,20.0,0.977390412892278,0,edge_flip_spectral,,,,,,1e-05,54.072,0.24132525645871206,100,28,1.0,0.18894521440993947,500,1.0,1,0,0.2,0.02,0.2,0.19412048192771084,0.0192,0.20163855421686747,0.1843537837266922,0.03071855753660202,0.19982777535915375,0.5777389064451675
500,2,0.25,True,20.0,0.977390412892278,0,sbm_dpsgd_all_noised,0.9419985000802904,0.40561225411365304,11.0,6.0,5.0,1e-05,54.072,0.24132525645871206,100,28,1.0,0.18894521440993947,500,1.0,1,0,0.2,0.02,0.2,0.19412048192771084,0.0192,0.20163855421686747,0.18051768839359283,0.07126914709806442,0.18629220128059387,0.40038613443033827
500,2,0.25,True,1.0,27.43885139089614,1,edge_flip_vem,,,245,,,1e-05,55.028,0.23285520002054938,120,26,1.0000000000000002,0.1932996563076368,500,1.0,1,0,0.2,0.02,0.2,0.19527710843373494,0.01968,0.20719678714859438,0.20719678699970245,0.019680000841617584,0.1952771097421646,1.0
500,2,0.25,True,1.0,27.43885139089614,1,edge_flip_spectral,,,,,,1e-05,55.028,0.23285520002054938,120,26,1.0000000000000002,0.1932996563076368,500,1.0,1,0,0.2,0.02,0.2,0.19527710843373494,0.01968,0.20719678714859438,0.1952771097421646,0.019680000841617584,0.20719678699970245,1.0
500,2,0.25,True,1.0,27.43885139089614,1,sbm_dpsgd_all_noised,26.32774027978503,5.635918426327381,11.0,6.0,5.0,1e-05,55.028,0.23285520002054938,120,26,1.0000000000000002,0.1932996563076368,500,1.0,1,0,0.2,0.02,0.2,0.19527710843373494,0.01968,0.20719678714859438,0.21534641087055206,0.012478573247790337,0.22154778242111206,0.981182940453905
500,2,0.25,True,2.0,11.728684954707337,1,edge_flip_vem,,,247,,,1e-05,55.028,0.23285520002054938,120,26,1.0000000000000002,0.1932996563076368,500,1.0,1,0,0.2,0.02,0.2,0.19527710843373494,0.01968,0.20719678714859438,0.20725633203983307,0.019688257947564125,0.19527219235897064,1.0
500,2,0.25,True,2.0,11.728684954707337,1,edge_flip_spectral,,,,,,1e-05,55.028,0.23285520002054938,120,26,1.0000000000000002,0.1932996563076368,500,1.0,1,0,0.2,0.02,0.2,0.19527710843373494,0.01968,0.20719678714859438,0.19527219235897064,0.019688257947564125,0.20725633203983307,1.0
500,2,0.25,True,2.0,11.728684954707337,1,sbm_dpsgd_all_noised,11.245049229064149,2.668102829441137,11.0,6.0,5.0,1e-05,55.028,0.23285520002054938,120,26,1.0000000000000002,0.1932996563076368,500,1.0,1,0,0.2,0.02,0.2,0.19527710843373494,0.01968,0.20719678714859438,0.21131041646003723,0.01605444960296154,0.21772757172584534,0.981182940453905
500,2,0.25,True,5.0,4.1484505404580005,1,edge_flip_vem,,,217,,,1e-05,55.028,0.23285520002054938,120,26,1.0000000000000002,0.1932996563076368,500,1.0,1,0,0.2,0.02,0.2,0.19527710843373494,0.01968,0.20719678714859438,0.20615854859352112,0.020039517432451248,0.19568020105361938,1.0
500,2,0.25,True,5.0,4.1484505404580005,1,edge_flip_spectral,,,,,,1e-05,55.028,0.23285520002054938,120,26,1.0000000000000002,0.1932996563076368,500,1.0,1,0,0.2,0.02,0.2,0.19527710843373494,0.01968,0.20719678714859438,0.19568020105361938,0.020039517432451248,0.20615854859352112,1.0
500,2,0.25,True,5.0,4.1484505404580005,1,sbm_dpsgd_all_noised,3.992894984902444,1.0338953100711687,11.0,6.0,5.0,1e-05,55.028,0.23285520002054938,120,26,1.0000000000000002,0.1932996563076368,500,1.0,1,0,0.2,0.02,0.2,0.19527710843373494,0.01968,0.20719678714859438,0.21321642398834229,0.015567567199468613,0.2172202318906784,0.981182940453905
500,2,0.25,True,10.0,1.9945956405993723,1,edge_flip_vem,,,518,,,1e-05,55.028,0.23285520002054938,120,26,1.0000000000000002,0.1932996563076368,500,1.0,1,0,0.2,0.02,0.2,0.19527710843373494,0.01968,0.20719678714859438,0.20520974695682526,0.019407592713832855,0.19820956885814667,0.981182940453905
500,2,0.25,True,10.0,1.9945956405993723,1,edge_flip_spectral,,,,,,1e-05,55.028,0.23285520002054938,120,26,1.0000000000000002,0.1932996563076368,500,1.0,1,0,0.2,0.02,0.2,0.19527710843373494,0.01968,0.20719678714859438,0.19820956885814667,0.019407592713832855,0.20520974695682526,0.981182940453905
500,2,0.25,True,10.0,1.9945956405993723,1,sbm_dpsgd_all_noised,1.9223734183771504,0.5431122541136532,11.0,6.0,5.0,1e-05,55.028,0.23285520002054938,120,26,1.0000000000000002,0.1932996563076368,500,1.0,1,0,0.2,0.02,0.2,0.19527710843373494,0.01968,0.20719678714859438,0.19733475148677826,0.03894823417067528,0.20144028961658478,0.7866605900414758
500,2,0.25,True,20.0,0.977390412892278,1,edge_flip_vem,,,449,,,1e-05,55.028,0.23285520002054938,120,26,1.0000000000000002,0.1932996563076368,500,1.0,1,0,0.2,0.02,0.2,0.19527710843373494,0.01968,0.20719678714859438,0.2864305078983307,0.18335388600826263,0.08552490919828415,0.001446245711930101
500,2,0.25,True,20.0,0.977390412892278,1,edge_flip_spectral,,,,,,1e-05,55.028,0.23285520002054938,120,26,1.0000000000000002,0.1932996563076368,500,1.0,1,0,0.2,0.02,0.2,0.19527710843373494,0.01968,0.20719678714859438,0.20733118057250977,0.014403440058231354,0.19199155271053314,0.7241916359845844
500,2,0.25,True,20.0,0.977390412892278,1,sbm_dpsgd_all_noised,0.9419985000802904,0.40561225411365304,11.0,6.0,5.0,1e-05,55.028,0.23285520002054938,120,26,1.0000000000000002,0.1932996563076368,500,1.0,1,0,0.2,0.02,0.2,0.19527710843373494,0.01968,0.20719678714859438,0.1664019227027893,0.10582949966192245,0.17197878658771515,0.14467908161686693
500,2,0.25,True,1.0,27.43885139089614,2,edge_flip_vem,,,189,,,1e-05,55.084,0.22137941438244527,96,26,0.9999999999999998,0.18688164048908365,500,1.0,1,0,0.2,0.02,0.2,0.20337349397590362,0.020464,0.19797590361445783,0.2033734917640686,0.02046399936079979,0.19797590374946594,1.0
500,2,0.25,True,1.0,27.43885139089614,2,edge_flip_spectral,,,,,,1e-05,55.084,0.22137941438244527,96,26,0.9999999999999998,0.18688164048908365,500,1.0,1,0,0.2,0.02,0.2,0.20337349397590362,0.020464,0.19797590361445783,0.19797590374946594,0.02046399936079979,0.2033734917640686,1.0
500,2,0.25,True,1.0,27.43885139089614,2,sbm_dpsgd_all_noised,26.32774027978503,5.635918426327381,11.0,6.0,5.0,1e-05,55.084,0.22137941438244527,96,26,0.9999999999999998,0.18688164048908365,500,1.0,1,0,0.2,0.02,0.2,0.20337349397590362,0.020464,0.19797590361445783,0.21772794425487518,0.01232099812477827,0.2220391482114792,1.0
500,2,0.25,True,2.0,11.728684954707337,2,edge_flip_vem,,,152,,,1e-05,55.084,0.22137941438244527,96,26,0.9999999999999998,0.18688164048908365,500,1.0,1,0,0.2,0.02,0.2,0.20337349397590362,0.020464,0.19797590361445783,0.20336870849132538,0.020472271367907524,0.19797103106975555,1.0
500,2,0.25,True,2.0,11.728684954707337,2,edge_flip_spectral,,,,,,1e-05,55.084,0.22137941438244527,96,26,0.9999999999999998,0.18688164048908365,500,1.0,1,0,0.2,0.02,0.2,0.20337349397590362,0.020464,0.19797590361445783,0.19797103106975555,0.020472271367907524,0.20336870849132538,1.0
500,2,0.25,True,2.0,11.728684954707337,2,sbm_dpsgd_all_noised,11.245049229064149,2.668102829441137,11.0,6.0,5.0,1e-05,55.084,0.22137941438244527,96,26,0.9999999999999998,0.18688164048908365,500,1.0,1,0,0.2,0.02,0.2,0.20337349397590362,0.020464,0.19797590361445783,0.21719372272491455,0.012386055663228035,0.22259745001792908,1.0
500,2,0.25,True,5.0,4.1484505404580005,2,edge_flip_vem,,,154,,,1e-05,55.084,0.22137941438244527,96,26,0.9999999999999998,0.18688164048908365,500,1.0,1,0,0.2,0.02,0.2,0.20337349397590362,0.020464,0.19797590361445783,0.19723869860172272,0.021096372976899147,0.2032405287027359,1.0
500,2,0.25,True,5.0,4.1484505404580005,2,edge_flip_spectral,,,,,,1e-05,55.084,0.22137941438244527,96,26,0.9999999999999998,0.18688164048908365,500,1.0,1,0,0.2,0.02,0.2,0.20337349397590362,0.020464,0.19797590361445783,0.19723869860172272,0.021096372976899147,0.2032405287027359,1.0
500,2,0.25,True,5.0,4.1484505404580005,2,sbm_dpsgd_all_noised,3.992894984902444,1.0338953100711687,11.0,6.0,5.0,1e-05,55.084,0.22137941438244527,96,26,0.9999999999999998,0.18688164048908365,500,1.0,1,0,0.2,0.02,0.2,0.20337349397590362,0.020464,0.19797590361445783,0.2162478119134903,0.012666761875152588,0.22107510268688202,1.0
500,2,0.25,True,10.0,1.9945956405993723,2,edge_flip_vem,,,586,,,1e-05,55.084,0.22137941438244527,96,26,0.9999999999999998,0.18688164048908365,500,1.0,1,0,0.2,0.02,0.2,0.20337349397590362,0.020464,0.19797590361445783,0.21968793869018555,0.14550018310546875,0.09025400131940842,0.002992306576708555
500,2,0.25,True,10.0,1.9945956405993723,2,edge_flip_spectral,,,,,,1e-05,55.084,0.22137941438244527,96,26,0.9999999999999998,0.18688164048908365,500,1.0,1,0,0.2,0.02,0.2,0.20337349397590362,0.020464,0.19797590361445783,0.19887055456638336,0.01902604103088379,0.2021237313747406,1.0
500,2,0.25,True,10.0,1.9945956405993723,2,sbm_dpsgd_all_noised,1.9223734183771504,0.5431122541136532,11.0,6.0,5.0,1e-05,55.084,0.22137941438244527,96,26,0.9999999999999998,0.18688164048908365,500,1.0,1,0,0.2,0.02,0.2,0.20337349397590362,0.020464,0.19797590361445783,0.19678857922554016,0.035615235567092896,0.2018560916185379,0.7486763718197399
500,2,0.25,True,20.0,0.977390412892278,2,edge_flip_vem,,,442,,,1e-05,55.084,0.22137941438244527,96,26,0.9999999999999998,0.18688164048908365,500,1.0,1,0,0.2,0.02,0.2,0.20337349397590362,0.020464,0.19797590361445783,0.07567470520734787,0.1705886721611023,0.2506429851055145,0.0009793193649419748
500,2,0.25,True,20.0,0.977390412892278,2,edge_flip_spectral,,,,,,1e-05,55.084,0.22137941438244527,96,26,0.9999999999999998,0.18688164048908365,500,1.0,1,0,0.2,0.02,0.2,0.20337349397590362,0.020464,0.19797590361445783,0.19641409814357758,0.029411710798740387,0.20521698892116547,0.6057118663585225
500,2,0.25,True,20.0,0.977390412892278,2,sbm_dpsgd_all_noised,0.9419985000802904,0.40561225411365304,11.0,6.0,5.0,1e-05,55.084,0.22137941438244527,96,26,0.9999999999999998,0.18688164048908365,500,1.0,1,0,0.2,0.02,0.2,0.20337349397590362,0.020464,0.19797590361445783,0.16224494576454163,0.11287067830562592,0.1606927514076233,0.0406025459629712
500,2,0.25,True,1.0,27.43885139089614,3,edge_flip_vem,,,128,,,1e-05,54.732,0.2161682712059612,94,29,1.0,0.18403226468041042,500,1.0,1,0,0.2,0.02,0.2,0.1950843373493976,0.019888,0.20459437751004017,0.20459437370300293,0.019888000562787056,0.1950843334197998,1.0
500,2,0.25,True,1.0,27.43885139089614,3,edge_flip_spectral,,,,,,1e-05,54.732,0.2161682712059612,94,29,1.0,0.18403226468041042,500,1.0,1,0,0.2,0.02,0.2,0.1950843373493976,0.019888,0.20459437751004017,0.1950843334197998,0.019888000562787056,0.20459437370300293,1.0
500,2,0.25,True,1.0,27.43885139089614,3,sbm_dpsgd_all_noised,26.32774027978503,5.635918426327381,11.0,6.0,5.0,1e-05,54.732,0.2161682712059612,94,29,1.0,0.18403226468041042,500,1.0,1,0,0.2,0.02,0.2,0.1950843373493976,0.019888,0.20459437751004017,0.21560318768024445,0.01173312496393919,0.2228093147277832,1.0
500,2,0.25,True,2.0,11.728684954707337,3,edge_flip_vem,,,131,,,1e-05,54.732,0.2161682712059612,94,29,1.0,0.18403226468041042,500,1.0,1,0,0.2,0.02,0.2,0.1950843373493976,0.019888,0.20459437751004017,0.2045896202325821,0.019880261272192,0.19507941603660583,1.0
500,2,0.25,True,2.0,11.728684954707337,3,edge_flip_spectral,,,,,,1e-05,54.732,0.2161682712059612,94,29,1.0,0.18403226468041042,500,1.0,1,0,0.2,0.02,0.2,0.1950843373493976,0.019888,0.20459437751004017,0.19507941603660583,0.019880261272192,0.2045896202325821,1.0
500,2,0.25,True,2.0,11.728684954707337,3,sbm_dpsgd_all_noised,11.245049229064149,2.668102829441137,11.0,6.0,5.0,1e-05,54.732,0.2161682712059612,94,29,1.0,0.18403226468041042,500,1.0,1,0,0.2,0.02,0.2,0.1950843373493976,0.019888,0.20459437751004017,0.216152623295784,0.01186483446508646,0.22225633263587952,1.0
500,2,0.25,True,5.0,4.1484505404580005,3,edge_flip_vem,,,133,,,1e-05,54.732,0.2161682712059612,94,29,1.0,0.18403226468041042,500,1.0,1,0,0.2,0.02,0.2,0.1950843373493976,0.019888,0.20459437751004017,0.20493166148662567,0.019445037469267845,0.1949838548898697,1.0
500,2,0.25,True,5.0,4.1484505404580005,3,edge_flip_spectral,,,,,,1e-05,54.732,0.2161682712059612,94,29,1.0,0.18403226468041042,500,1.0,1,0,0.2,0.02,0.2,0.1950843373493976,0.019888,0.20459437751004017,0.1949838548898697,0.019445037469267845,0.20493166148662567,1.0
500,2,0.25,True,5.0,4.1484505404580005,3,sbm_dpsgd_all_noised,3.992894984902444,1.0338953100711687,11.0,6.0,5.0,1e-05,54.732,0.2161682712059612,94,29,1.0,0.18403226468041042,500,1.0,1,0,0.2,0.02,0.2,0.1950843373493976,0.019888,0.20459437751004017,0.21454006433486938,0.01431412622332573,0.21764135360717773,0.981182940453905
500,2,0.25,True,10.0,1.9945956405993723,3,edge_flip_vem,,,256,,,1e-05,54.732,0.2161682712059612,94,29,1.0,0.18403226468041042,500,1.0,1,0,0.2,0.02,0.2,0.1950843373493976,0.019888,0.20459437751004017,0.1896180361509323,0.019951801747083664,0.20508114993572235,1.0
500,2,0.25,True,10.0,1.9945956405993723,3,edge_flip_spectral,,,,,,1e-05,54.732,0.2161682712059612,94,29,1.0,0.18403226468041042,500,1.0,1,0,0.2,0.02,0.2,0.1950843373493976,0.019888,0.20459437751004017,0.1896180361509323,0.019951801747083664,0.20508114993572235,1.0
500,2,0.25,True,10.0,1.9945956405993723,3,sbm_dpsgd_all_noised,1.9223734183771504,0.5431122541136532,11.0,6.0,5.0,1e-05,54.732,0.2161682712059612,94,29,1.0,0.18403226468041042,500,1.0,1,0,0.2,0.02,0.2,0.1950843373493976,0.019888,0.20459437751004017,0.21296919882297516,0.018486950546503067,0.21336433291435242,0.9342752643999082
500,2,0.25,True,20.0,0.977390412892278,3,edge_flip_vem,,,547,,,1e-05,54.732,0.2161682712059612,94,29,1.0,0.18403226468041042,500,1.0,1,0,0.2,0.02,0.2,0.1950843373493976,0.019888,0.20459437751004017,0.050206199288368225,0.13244378566741943,0.2121790051460266,5.092096389753688e-05
500,2,0.25,True,20.0,0.977390412892278,3,edge_flip_spectral,,,,,,1e-05,54.732,0.2161682712059612,94,29,1.0,0.18403226468041042,500,1.0,1,0,0.2,0.02,0.2,0.1950843373493976,0.019888,0.20459437751004017,0.18949833512306213,0.018646053969860077,0.21750709414482117,0.6814662215550894
500,2,0.25,True,20.0,0.977390412892278,3,sbm_dpsgd_all_noised,0.9419985000802904,0.40561225411365304,11.0,6.0,5.0,1e-05,54.732,0.2161682712059612,94,29,1.0,0.18403226468041042,500,1.0,1,0,0.2,0.02,0.2,0.1950843373493976,0.019888,0.20459437751004017,0.19449885189533234,0.05065247416496277,0.19595444202423096,0.6417355325770396
500,2,0.25,True,1.0,27.43885139089614,4,edge_flip_vem,,,150,,,1e-05,54.756,0.2244743335836181,126,29,0.9999999999999999,0.1897588175015739,500,1.0,1,0,0.2,0.02,0.2,0.19572690763052208,0.019456,0.20501204819277108,0.1957269012928009,0.01945599913597107,0.20501205325126648,1.0
500,2,0.25,True,1.0,27.43885139089614,4,edge_flip_spectral,,,,,,1e-05,54.756,0.2244743335836181,126,29,0.9999999999999999,0.1897588175015739,500,1.0,1,0,0.2,0.02,0.2,0.19572690763052208,0.019456,0.20501204819277108,0.20501205325126648,0.01945599913597107,0.1957269012928009,1.0
500,2,0.25,True,1.0,27.43885139089614,4,sbm_dpsgd_all_noised,26.32774027978503,5.635918426327381,11.0,6.0,5.0,1e-05,54.756,0.2244743335836181,126,29,0.9999999999999999,0.1897588175015739,500,1.0,1,0,0.2,0.02,0.2,0.19572690763052208,0.019456,0.20501204819277108,0.16586649417877197,0.11201826483011246,0.16363754868507385,0.06778722922598543
500,2,0.25,True,2.0,11.728684954707337,4,edge_flip_vem,,,150,,,1e-05,54.756,0.2244743335836181,126,29,0.9999999999999999,0.1897588175015739,500,1.0,1,0,0.2,0.02,0.2,0.19572690763052208,0.019456,0.20501204819277108,0.19572199881076813,0.019448254257440567,0.20500729978084564,1.0
500,2,0.25,True,2.0,11.728684954707337,4,edge_flip_spectral,,,,,,1e-05,54.756,0.2244743335836181,126,29,0.9999999999999999,0.1897588175015739,500,1.0,1,0,0.2,0.02,0.2,0.19572690763052208,0.019456,0.20501204819277108,0.20500729978084564,0.019448254257440567,0.19572199881076813,1.0
500,2,0.25,True,2.0,11.728684954707337,4,sbm_dpsgd_all_noised,11.245049229064149,2.668102829441137,11.0,6.0,5.0,1e-05,54.756,0.2244743335836181,126,29,0.9999999999999999,0.1897588175015739,500,1.0,1,0,0.2,0.02,0.2,0.19572690763052208,0.019456,0.20501204819277108,0.17497527599334717,0.09773118793964386,0.16637827455997467,0.16437152750140568
500,2,0.25,True,5.0,4.1484505404580005,4,edge_flip_vem,,,161,,,1e-05,54.756,0.2244743335836181,126,29,0.9999999999999999,0.1897588175015739,500,1.0,1,0,0.2,0.02,0.2,0.19572690763052208,0.019456,0.20501204819277108,0.19511649012565613,0.02038629911839962,0.2050642967224121,1.0
500,2,0.25,True,5.0,4.1484505404580005,4,edge_flip_spectral,,,,,,1e-05,54.756,0.2244743335836181,126,29,0.9999999999999999,0.1897588175015739,500,1.0,1,0,0.2,0.02,0.2,0.19572690763052208,0.019456,0.20501204819277108,0.2050642967224121,0.02038629911839962,0.19511649012565613,1.0
500,2,0.25,True,5.0,4.1484505404580005,4,sbm_dpsgd_all_noised,3.992894984902444,1.0338953100711687,11.0,6.0,5.0,1e-05,54.756,0.2244743335836181,126,29,0.9999999999999999,0.1897588175015739,500,1.0,1,0,0.2,0.02,0.2,0.19572690763052208,0.019456,0.20501204819277108,0.18102580308914185,0.08963916450738907,0.16983070969581604,0.2547404902373612
500,2,0.25,True,10.0,1.9945956405993723,4,edge_flip_vem,,,406,,,1e-05,54.756,0.2244743335836181,126,29,0.9999999999999999,0.1897588175015739,500,1.0,1,0,0.2,0.02,0.2,0.19572690763052208,0.019456,0.20501204819277108,0.20622187852859497,0.018983962014317513,0.1948569118976593,1.0
500,2,0.25,True,10.0,1.9945956405993723,4,edge_flip_spectral,,,,,,1e-05,54.756,0.2244743335836181,126,29,0.9999999999999999,0.1897588175015739,500,1.0,1,0,0.2,0.02,0.2,0.19572690763052208,0.019456,0.20501204819277108,0.20622187852859497,0.018983962014317513,0.1948569118976593,1.0
500,2,0.25,True,10.0,1.9945956405993723,4,sbm_dpsgd_all_noised,1.9223734183771504,0.5431122541136532,11.0,6.0,5.0,1e-05,54.756,0.2244743335836181,126,29,0.9999999999999999,0.1897588175015739,500,1.0,1,0,0.2,0.02,0.2,0.19572690763052208,0.019456,0.20501204819277108,0.18644383549690247,0.06828524172306061,0.18172672390937805,0.500605439228527
500,2,0.25,True,20.0,0.977390412892278,4,edge_flip_vem,,,559,,,1e-05,54.756,0.2244743335836181,126,29,0.9999999999999999,0.1897588175015739,500,1.0,1,0,0.2,0.02,0.2,0.19572690763052208,0.019456,0.20501204819277108,0.0871320366859436,0.17582367360591888,0.309489905834198,0.0030343931246040196
500,2,0.25,True,20.0,0.977390412892278,4,edge_flip_spectral,,,,,,1e-05,54.756,0.2244743335836181,126,29,0.9999999999999999,0.1897588175015739,500,1.0,1,0,0.2,0.02,0.2,0.19572690763052208,0.019456,0.20501204819277108,0.20588932931423187,0.023933326825499535,0.1983034908771515,0.7763583355155198
500,2,0.25,True,20.0,0.977390412892278,4,sbm_dpsgd_all_noised,0.9419985000802904,0.40561225411365304,11.0,6.0,5.0,1e-05,54.756,0.2244743335836181,126,29,0.9999999999999999,0.1897588175015739,500,1.0,1,0,0.2,0.02,0.2,0.19572690763052208,0.019456,0.20501204819277108,0.18724700808525085,0.07314079254865646,0.1812456250190735,0.48815534005455835
500,2,0.25,True,1.0,27.43885139089614,5,edge_flip_vem,,,198,,,1e-05,54.66,0.22343505907597927,105,29,1.0,0.1876072457287992,500,1.0,1,0,0.2,0.02,0.2,0.2005140562248996,0.020064,0.19823293172690762,0.2005140632390976,0.02006400004029274,0.19823293387889862,1.0
500,2,0.25,True,1.0,27.43885139089614,5,edge_flip_spectral,,,,,,1e-05,54.66,0.22343505907597927,105,29,1.0,0.1876072457287992,500,1.0,1,0,0.2,0.02,0.2,0.2005140562248996,0.020064,0.19823293172690762,0.2005140632390976,0.02006400004029274,0.19823293387889862,1.0
500,2,0.25,True,1.0,27.43885139089614,5,sbm_dpsgd_all_noised,26.32774027978503,5.635918426327381,11.0,6.0,5.0,1e-05,54.66,0.22343505907597927,105,29,1.0,0.1876072457287992,500,1.0,1,0,0.2,0.02,0.2,0.2005140562248996,0.020064,0.19823293172690762,0.21813204884529114,0.010726681910455227,0.2199198603630066,1.0
500,2,0.25,True,2.0,11.728684954707337,5,edge_flip_vem,,,198,,,1e-05,54.66,0.22343505907597927,105,29,1.0,0.1876072457287992,500,1.0,1,0,0.2,0.02,0.2,0.2005140562248996,0.020064,0.19823293172690762,0.2005092352628708,0.020056264474987984,0.19822806119918823,1.0
500,2,0.25,True,2.0,11.728684954707337,5,edge_flip_spectral,,,,,,1e-05,54.66,0.22343505907597927,105,29,1.0,0.1876072457287992,500,1.0,1,0,0.2,0.02,0.2,0.2005140562248996,0.020064,0.19823293172690762,0.2005092352628708,0.020056264474987984,0.19822806119918823,1.0
500,2,0.25,True,2.0,11.728684954707337,5,sbm_dpsgd_all_noised,11.245049229064149,2.668102829441137,11.0,6.0,5.0,1e-05,54.66,0.22343505907597927,105,29,1.0,0.1876072457287992,500,1.0,1,0,0.2,0.02,0.2,0.2005140562248996,0.020064,0.19823293172690762,0.21683572232723236,0.010804664343595505,0.2214052975177765,1.0
500,2,0.25,True,5.0,4.1484505404580005,5,edge_flip_vem,,,185,,,1e-05,54.66,0.22343505907597927,105,29,1.0,0.1876072457287992,500,1.0,1,0,0.2,0.02,0.2,0.2005140562248996,0.020064,0.19823293172690762,0.19982512295246124,0.020898211747407913,0.19803451001644135,1.0
500,2,0.25,True,5.0,4.1484505404580005,5,edge_flip_spectral,,,,,,1e-05,54.66,0.22343505907597927,105,29,1.0,0.1876072457287992,500,1.0,1,0,0.2,0.02,0.2,0.2005140562248996,0.020064,0.19823293172690762,0.19982512295246124,0.020898211747407913,0.19803451001644135,1.0
500,2,0.25,True,5.0,4.1484505404580005,5,sbm_dpsgd_all_noised,3.992894984902444,1.0338953100711687,11.0,6.0,5.0,1e-05,54.66,0.22343505907597927,105,29,1.0,0.1876072457287992,500,1.0,1,0,0.2,0.02,0.2,0.2005140562248996,0.020064,0.19823293172690762,0.21581189334392548,0.011448939330875874,0.2182183414697647,0.981182940453905
500,2,0.25,True,10.0,1.9945956405993723,5,edge_flip_vem,,,608,,,1e-05,54.66,0.22343505907597927,105,29,1.0,0.1876072457287992,500,1.0,1,0,0.2,0.02,0.2,0.2005140562248996,0.020064,0.19823293172690762,0.1991240531206131,0.025569476187229156,0.20089851319789886,1.0
500,2,0.25,True,10.0,1.9945956405993723,5,edge_flip_spectral,,,,,,1e-05,54.66,0.22343505907597927,105,29,1.0,0.1876072457287992,500,1.0,1,0,0.2,0.02,0.2,0.2005140562248996,0.020064,0.19823293172690762,0.20089851319789886,0.025569476187229156,0.1991240531206131,1.0
500,2,0.25,True,10.0,1.9945956405993723,5,sbm_dpsgd_all_noised,1.9223734183771504,0.5431122541136532,11.0,6.0,5.0,1e-05,54.66,0.22343505907597927,105,29,1.0,0.1876072457287992,500,1.0,1,0,0.2,0.02,0.2,0.2005140562248996,0.020064,0.19823293172690762,0.21355795860290527,0.01185176707804203,0.21925422549247742,0.981182940453905
500,2,0.25,True,20.0,0.977390412892278,5,edge_flip_vem,,,536,,,1e-05,54.66,0.22343505907597927,105,29,1.0,0.1876072457287992,500,1.0,1,0,0.2,0.02,0.2,0.2005140562248996,0.020064,0.19823293172690762,0.138112872838974,0.04388503357768059,0.0,0.0033185146755758655
500,2,0.25,True,20.0,0.977390412892278,5,edge_flip_spectral,,,,,,1e-05,54.66,0.22343505907597927,105,29,1.0,0.1876072457287992,500,1.0,1,0,0.2,0.02,0.2,0.2005140562248996,0.020064,0.19823293172690762,0.18919913470745087,0.02072821743786335,0.21172866225242615,0.6698653442353111
500,2,0.25,True,20.0,0.977390412892278,5,sbm_dpsgd_all_noised,0.9419985000802904,0.40561225411365304,11.0,6.0,5.0,1e-05,54.66,0.22343505907597927,105,29,1.0,0.1876072457287992,500,1.0,1,0,0.2,0.02,0.2,0.2005140562248996,0.020064,0.19823293172690762,0.20227208733558655,0.029581336304545403,0.20033498108386993,0.7766633312395086
500,2,0.25,True,1.0,27.43885139089614,6,edge_flip_vem,,,316,,,1e-05,55.0,0.2156397362912703,93,33,1.0,0.18520846369699537,500,1.0,1,0,0.2,0.02,0.2,0.1982971887550201,0.018848,0.20562248995983937,0.1982971876859665,0.018848000094294548,0.20562249422073364,1.0
500,2,0.25,True,1.0,27.43885139089614,6,edge_flip_spectral,,,,,,1e-05,55.0,0.2156397362912703,93,33,1.0,0.18520846369699537,500,1.0,1,0,0.2,0.02,0.2,0.1982971887550201,0.018848,0.20562248995983937,0.1982971876859665,0.018848000094294548,0.20562249422073364,1.0
500,2,0.25,True,1.0,27.43885139089614,6,sbm_dpsgd_all_noised,26.32774027978503,5.635918426327381,11.0,6.0,5.0,1e-05,55.0,0.2156397362912703,93,33,1.0,0.18520846369699537,500,1.0,1,0,0.2,0.02,0.2,0.1982971887550201,0.018848,0.20562248995983937,0.1872776448726654,0.06335213035345078,0.18412849307060242,0.5128160657579491
500,2,0.25,True,2.0,11.728684954707337,6,edge_flip_vem,,,212,,,1e-05,55.0,0.2156397362912703,93,33,1.0,0.18520846369699537,500,1.0,1,0,0.2,0.02,0.2,0.1982971887550201,0.018848,0.20562248995983937,0.1982923299074173,0.018856244161725044,0.2056177407503128,1.0
500,2,0.25,True,2.0,11.728684954707337,6,edge_flip_spectral,,,,,,1e-05,55.0,0.2156397362912703,93,33,1.0,0.18520846369699537,500,1.0,1,0,0.2,0.02,0.2,0.1982971887550201,0.018848,0.20562248995983937,0.1982923299074173,0.018856244161725044,0.2056177407503128,1.0
500,2,0.25,True,2.0,11.728684954707337,6,sbm_dpsgd_all_noised,11.245049229064149,2.668102829441137,11.0,6.0,5.0,1e-05,55.0,0.2156397362912703,93,33,1.0,0.18520846369699537,500,1.0,1,0,0.2,0.02,0.2,0.1982971887550201,0.018848,0.20562248995983937,0.19650821387767792,0.04313845559954643,0.1927904486656189,0.7258055324414107
500,2,0.25,True,5.0,4.1484505404580005,6,edge_flip_vem,,,299,,,1e-05,55.0,0.2156397362912703,93,33,1.0,0.18520846369699537,500,1.0,1,0,0.2,0.02,0.2,0.1982971887550201,0.018848,0.20562248995983937,0.1989298164844513,0.018487263470888138,0.20552852749824524,1.0
500,2,0.25,True,5.0,4.1484505404580005,6,edge_flip_spectral,,,,,,1e-05,55.0,0.2156397362912703,93,33,1.0,0.18520846369699537,500,1.0,1,0,0.2,0.02,0.2,0.1982971887550201,0.018848,0.20562248995983937,0.1989298164844513,0.018487263470888138,0.20552852749824524,1.0
500,2,0.25,True,5.0,4.1484505404580005,6,sbm_dpsgd_all_noised,3.992894984902444,1.0338953100711687,11.0,6.0,5.0,1e-05,55.0,0.2156397362912703,93,33,1.0,0.18520846369699537,500,1.0,1,0,0.2,0.02,0.2,0.1982971887550201,0.018848,0.20562248995983937,0.1893416941165924,0.05982339382171631,0.18526069819927216,0.5463217373369975
500,2,0.25,True,10.0,1.9945956405993723,6,edge_flip_vem,,,426,,,1e-05,55.0,0.2156397362912703,93,33,1.0,0.18520846369699537,500,1.0,1,0,0.2,0.02,0.2,0.1982971887550201,0.018848,0.20562248995983937,0.19713835418224335,0.019467880949378014,0.20584163069725037,1.0
500,2,0.25,True,10.0,1.9945956405993723,6,edge_flip_spectral,,,,,,1e-05,55.0,0.2156397362912703,93,33,1.0,0.18520846369699537,500,1.0,1,0,0.2,0.02,0.2,0.1982971887550201,0.018848,0.20562248995983937,0.19701160490512848,0.019488921388983727,0.20592613518238068,0.9623776396777219
500,2,0.25,True,10.0,1.9945956405993723,6,sbm_dpsgd_all_noised,1.9223734183771504,0.5431122541136532,11.0,6.0,5.0,1e-05,55.0,0.2156397362912703,93,33,1.0,0.18520846369699537,500,1.0,1,0,0.2,0.02,0.2,0.1982971887550201,0.018848,0.20562248995983937,0.16478081047534943,0.11261258274316788,0.16567087173461914,0.05089448601131325
500,2,0.25,True,20.0,0.977390412892278,6,edge_flip_vem,,,479,,,1e-05,55.0,0.2156397362912703,93,33,1.0,0.18520846369699537,500,1.0,1,0,0.2,0.02,0.2,0.1982971887550201,0.018848,0.20562248995983937,0.3695589601993561,0.2055729627609253,0.09562604129314423,8.006496465104444e-05
500,2,0.25,True,20.0,0.977390412892278,6,edge_flip_spectral,,,,,,1e-05,55.0,0.2156397362912703,93,33,1.0,0.18520846369699537,500,1.0,1,0,0.2,0.02,0.2,0.1982971887550201,0.018848,0.20562248995983937,0.20772704482078552,0.014930441975593567,0.1976405680179596,0.7502409406864784
500,2,0.25,True,20.0,0.977390412892278,6,sbm_dpsgd_all_noised,0.9419985000802904,0.40561225411365304,11.0,6.0,5.0,1e-05,55.0,0.2156397362912703,93,33,1.0,0.18520846369699537,500,1.0,1,0,0.2,0.02,0.2,0.1982971887550201,0.018848,0.20562248995983937,0.16050337255001068,0.12308987975120544,0.16419510543346405,0.0002887154108162256
500,2,0.25,True,1.0,27.43885139089614,7,edge_flip_vem,,,106,,,1e-05,54.92,0.21143721025613305,93,27,1.0,0.1788776203971951,500,1.0,1,0,0.2,0.02,0.2,0.19990361445783134,0.02048,0.2000963855421687,0.20009638369083405,0.020479999482631683,0.19990360736846924,1.0
500,2,0.25,True,1.0,27.43885139089614,7,edge_flip_spectral,,,,,,1e-05,54.92,0.21143721025613305,93,27,1.0,0.1788776203971951,500,1.0,1,0,0.2,0.02,0.2,0.19990361445783134,0.02048,0.2000963855421687,0.19990360736846924,0.020479999482631683,0.20009638369083405,1.0
500,2,0.25,True,1.0,27.43885139089614,7,sbm_dpsgd_all_noised,26.32774027978503,5.635918426327381,11.0,6.0,5.0,1e-05,54.92,0.21143721025613305,93,27,1.0,0.1788776203971951,500,1.0,1,0,0.2,0.02,0.2,0.19990361445783134,0.02048,0.2000963855421687,0.16586776077747345,0.1099851131439209,0.16636332869529724,0.06773707334214105
500,2,0.25,True,2.0,11.728684954707337,7,edge_flip_vem,,,107,,,1e-05,54.92,0.21143721025613305,93,27,1.0,0.1788776203971951,500,1.0,1,0,0.2,0.02,0.2,0.19990361445783134,0.02048,0.2000963855421687,0.20009155571460724,0.020488271489739418,0.19989877939224243,1.0
500,2,0.25,True,2.0,11.728684954707337,7,edge_flip_spectral,,,,,,1e-05,54.92,0.21143721025613305,93,27,1.0,0.1788776203971951,500,1.0,1,0,0.2,0.02,0.2,0.19990361445783134,0.02048,0.2000963855421687,0.19989877939224243,0.020488271489739418,0.20009155571460724,1.0
500,2,0.25,True,2.0,11.728684954707337,7,sbm_dpsgd_all_noised,11.245049229064149,2.668102829441137,11.0,6.0,5.0,1e-05,54.92,0.21143721025613305,93,27,1.0,0.1788776203971951,500,1.0,1,0,0.2,0.02,0.2,0.19990361445783134,0.02048,0.2000963855421687,0.1926242560148239,0.04856673628091812,0.19197919964790344,0.6886426295707182
500,2,0.25,True,5.0,4.1484505404580005,7,edge_flip_vem,,,171,,,1e-05,54.92,0.21143721025613305,93,27,1.0,0.1788776203971951,500,1.0,1,0,0.2,0.02,0.2,0.19990361445783134,0.02048,0.2000963855421687,0.20015671849250793,0.021723879501223564,0.20081989467144012,1.0
500,2,0.25,True,5.0,4.1484505404580005,7,edge_flip_spectral,,,,,,1e-05,54.92,0.21143721025613305,93,27,1.0,0.1788776203971951,500,1.0,1,0,0.2,0.02,0.2,0.19990361445783134,0.02048,0.2000963855421687,0.20081989467144012,0.021723879501223564,0.20015671849250793,1.0
500,2,0.25,True,5.0,4.1484505404580005,7,sbm_dpsgd_all_noised,3.992894984902444,1.0338953100711687,11.0,6.0,5.0,1e-05,54.92,0.21143721025613305,93,27,1.0,0.1788776203971951,500,1.0,1,0,0.2,0.02,0.2,0.19990361445783134,0.02048,0.2000963855421687,0.20715156197547913,0.02267226204276085,0.20783287286758423,0.9219578224911567
500,2,0.25,True,10.0,1.9945956405993723,7,edge_flip_vem,,,408,,,1e-05,54.92,0.21143721025613305,93,27,1.0,0.1788776203971951,500,1.0,1,0,0.2,0.02,0.2,0.19990361445783134,0.02048,0.2000963855421687,0.20089851319789886,0.02100379951298237,0.19946204125881195,1.0
500,2,0.25,True,10.0,1.9945956405993723,7,edge_flip_spectral,,,,,,1e-05,54.92,0.21143721025613305,93,27,1.0,0.1788776203971951,500,1.0,1,0,0.2,0.02,0.2,0.19990361445783134,0.02048,0.2000963855421687,0.19946204125881195,0.02100379951298237,0.20089851319789886,1.0
500,2,0.25,True,10.0,1.9945956405993723,7,sbm_dpsgd_all_noised,1.9223734183771504,0.5431122541136532,11.0,6.0,5.0,1e-05,54.92,0.21143721025613305,93,27,1.0,0.1788776203971951,500,1.0,1,0,0.2,0.02,0.2,0.19990361445783134,0.02048,0.2000963855421687,0.20327666401863098,0.028230566531419754,0.2038799226284027,0.797070059619831
500,2,0.25,True,20.0,0.977390412892278,7,edge_flip_vem,,,532,,,1e-05,54.92,0.21143721025613305,93,27,1.0,0.1788776203971951,500,1.0,1,0,0.2,0.02,0.2,0.19990361445783134,0.02048,0.2000963855421687,0.07061835378408432,0.15294931828975677,0.25591567158699036,0.0016431701115058844
500,2,0.25,True,20.0,0.977390412892278,7,edge_flip_spectral,,,,,,1e-05,54.92,0.21143721025613305,93,27,1.0,0.1788776203971951,500,1.0,1,0,0.2,0.02,0.2,0.19990361445783134,0.02048,0.2000963855421687,0.21023708581924438,0.023901764303445816,0.20213763415813446,0.768772275894039
500,2,0.25,True,20.0,0.977390412892278,7,sbm_dpsgd_all_noised,0.9419985000802904,0.40561225411365304,11.0,6.0,5.0,1e-05,54.92,0.21143721025613305,93,27,1.0,0.1788776203971951,500,1.0,1,0,0.2,0.02,0.2,0.19990361445783134,0.02048,0.2000963855421687,0.18399982154369354,0.08201739937067032,0.17362834513187408,0.36573860337669406
500,2,0.25,True,1.0,27.43885139089614,8,edge_flip_vem,,,272,,,1e-05,54.556,0.2258174014232673,115,29,1.0,0.18987341717266668,500,1.0,1,0,0.2,0.02,0.2,0.19919678714859437,0.020864,0.19710843373493975,0.1971084326505661,0.020864000543951988,0.19919678568840027,1.0
500,2,0.25,True,1.0,27.43885139089614,8,edge_flip_spectral,,,,,,1e-05,54.556,0.2258174014232673,115,29,1.0,0.18987341717266668,500,1.0,1,0,0.2,0.02,0.2,0.19919678714859437,0.020864,0.19710843373493975,0.1971084326505661,0.020864000543951988,0.19919678568840027,1.0
500,2,0.25,True,1.0,27.43885139089614,8,sbm_dpsgd_all_noised,26.32774027978503,5.635918426327381,11.0,6.0,5.0,1e-05,54.556,0.2258174014232673,115,29,1.0,0.18987341717266668,500,1.0,1,0,0.2,0.02,0.2,0.19919678714859437,0.020864,0.19710843373493975,0.16570883989334106,0.11286699771881104,0.16250832378864288,0.041992113760128215
500,2,0.25,True,2.0,11.728684954707337,8,edge_flip_vem,,,272,,,1e-05,54.556,0.2258174014232673,115,29,1.0,0.18987341717266668,500,1.0,1,0,0.2,0.02,0.2,0.19919678714859437,0.020864,0.19710843373493975,0.19710354506969452,0.020856276154518127,0.19919194281101227,1.0
500,2,0.25,True,2.0,11.728684954707337,8,edge_flip_spectral,,,,,,1e-05,54.556,0.2258174014232673,115,29,1.0,0.18987341717266668,500,1.0,1,0,0.2,0.02,0.2,0.19919678714859437,0.020864,0.19710843373493975,0.19710354506969452,0.020856276154518127,0.19919194281101227,1.0
500,2,0.25,True,2.0,11.728684954707337,8,sbm_dpsgd_all_noised,11.245049229064149,2.668102829441137,11.0,6.0,5.0,1e-05,54.556,0.2258174014232673,115,29,1.0,0.18987341717266668,500,1.0,1,0,0.2,0.02,0.2,0.19919678714859437,0.020864,0.19710843373493975,0.16471058130264282,0.11586569994688034,0.1603459268808365,0.0009360676104696499
500,2,0.25,True,5.0,4.1484505404580005,8,edge_flip_vem,,,249,,,1e-05,54.556,0.2258174014232673,115,29,1.0,0.18987341717266668,500,1.0,1,0,0.2,0.02,0.2,0.19919678714859437,0.020864,0.19710843373493975,0.19829979538917542,0.021955067291855812,0.19985827803611755,1.0
500,2,0.25,True,5.0,4.1484505404580005,8,edge_flip_spectral,,,,,,1e-05,54.556,0.2258174014232673,115,29,1.0,0.18987341717266668,500,1.0,1,0,0.2,0.02,0.2,0.19919678714859437,0.020864,0.19710843373493975,0.19829979538917542,0.021955067291855812,0.19985827803611755,1.0
500,2,0.25,True,5.0,4.1484505404580005,8,sbm_dpsgd_all_noised,3.992894984902444,1.0338953100711687,11.0,6.0,5.0,1e-05,54.556,0.2258174014232673,115,29,1.0,0.18987341717266668,500,1.0,1,0,0.2,0.02,0.2,0.19919678714859437,0.020864,0.19710843373493975,0.16739732027053833,0.1143060177564621,0.15902307629585266,0.016754466051353403
500,2,0.25,True,10.0,1.9945956405993723,8,edge_flip_vem,,,426,,,1e-05,54.556,0.2258174014232673,115,29,1.0,0.18987341717266668,500,1.0,1,0,0.2,0.02,0.2,0.19919678714859437,0.020864,0.19710843373493975,0.19946204125881195,0.02230827882885933,0.20136325061321259,1.0
500,2,0.25,True,10.0,1.9945956405993723,8,edge_flip_spectral,,,,,,1e-05,54.556,0.2258174014232673,115,29,1.0,0.18987341717266668,500,1.0,1,0,0.2,0.02,0.2,0.19919678714859437,0.020864,0.19710843373493975,0.19946204125881195,0.02230827882885933,0.20136325061321259,1.0
500,2,0.25,True,10.0,1.9945956405993723,8,sbm_dpsgd_all_noised,1.9223734183771504,0.5431122541136532,11.0,6.0,5.0,1e-05,54.556,0.2258174014232673,115,29,1.0,0.18987341717266668,500,1.0,1,0,0.2,0.02,0.2,0.19919678714859437,0.020864,0.19710843373493975,0.16756294667720795,0.11649830639362335,0.1566970944404602,0.0
500,2,0.25,True,20.0,0.977390412892278,8,edge_flip_vem,,,456,,,1e-05,54.556,0.2258174014232673,115,29,1.0,0.18987341717266668,500,1.0,1,0,0.2,0.02,0.2,0.19919678714859437,0.020864,0.19710843373493975,0.0904541015625,0.19796952605247498,0.2548191547393799,0.00044176375950952213
500,2,0.25,True,20.0,0.977390412892278,8,edge_flip_spectral,,,,,,1e-05,54.556,0.2258174014232673,115,29,1.0,0.18987341717266668,500,1.0,1,0,0.2,0.02,0.2,0.19919678714859437,0.020864,0.19710843373493975,0.19494296610355377,0.017738282680511475,0.20820161700248718,0.6344047800974656
500,2,0.25,True,20.0,0.977390412892278,8,sbm_dpsgd_all_noised,0.9419985000802904,0.40561225411365304,11.0,6.0,5.0,1e-05,54.556,0.2258174014232673,115,29,1.0,0.18987341717266668,500,1.0,1,0,0.2,0.02,0.2,0.19919678714859437,0.020864,0.19710843373493975,0.16148515045642853,0.11597176641225815,0.1630319207906723,0.03927026229542774
500,2,0.25,True,1.0,27.43885139089614,9,edge_flip_vem,,,198,,,1e-05,55.212,0.22762622100775573,102,29,0.9999999999999999,0.1939824153139285,500,1.0,1,0,0.2,0.02,0.2,0.20202409638554217,0.02064,0.2,0.20000000298023224,0.020640000700950623,0.20202410221099854,1.0
500,2,0.25,True,1.0,27.43885139089614,9,edge_flip_spectral,,,,,,1e-05,55.212,0.22762622100775573,102,29,0.9999999999999999,0.1939824153139285,500,1.0,1,0,0.2,0.02,0.2,0.20202409638554217,0.02064,0.2,0.20000000298023224,0.020640000700950623,0.20202410221099854,1.0
500,2,0.25,True,1.0,27.43885139089614,9,sbm_dpsgd_all_noised,26.32774027978503,5.635918426327381,11.0,6.0,5.0,1e-05,55.212,0.22762622100775573,102,29,0.9999999999999999,0.1939824153139285,500,1.0,1,0,0.2,0.02,0.2,0.20202409638554217,0.02064,0.2,0.16197554767131805,0.11811062693595886,0.16265100240707397,0.001154464004798532
500,2,0.25,True,2.0,11.728684954707337,9,edge_flip_vem,,,198,,,1e-05,55.212,0.22762622100775573,102,29,0.9999999999999999,0.1939824153139285,500,1.0,1,0,0.2,0.02,0.2,0.20202409638554217,0.02064,0.2,0.19999516010284424,0.020632272586226463,0.20201928913593292,1.0
500,2,0.25,True,2.0,11.728684954707337,9,edge_flip_spectral,,,,,,1e-05,55.212,0.22762622100775573,102,29,0.9999999999999999,0.1939824153139285,500,1.0,1,0,0.2,0.02,0.2,0.20202409638554217,0.02064,0.2,0.19999516010284424,0.020632272586226463,0.20201928913593292,1.0
500,2,0.25,True,2.0,11.728684954707337,9,sbm_dpsgd_all_noised,11.245049229064149,2.668102829441137,11.0,6.0,5.0,1e-05,55.212,0.22762622100775573,102,29,0.9999999999999999,0.1939824153139285,500,1.0,1,0,0.2,0.02,0.2,0.20202409638554217,0.02064,0.2,0.16510933637619019,0.10952071100473404,0.16622565686702728,0.07329561043992909
500,2,0.25,True,5.0,4.1484505404580005,9,edge_flip_vem,,,203,,,1e-05,55.212,0.22762622100775573,102,29,0.9999999999999999,0.1939824153139285,500,1.0,1,0,0.2,0.02,0.2,0.20202409638554217,0.02064,0.2,0.20025619864463806,0.02088169939815998,0.2021462768316269,1.0
500,2,0.25,True,5.0,4.1484505404580005,9,edge_flip_spectral,,,,,,1e-05,55.212,0.22762622100775573,102,29,0.9999999999999999,0.1939824153139285,500,1.0,1,0,0.2,0.02,0.2,0.20202409638554217,0.02064,0.2,0.20025619864463806,0.02088169939815998,0.2021462768316269,1.0
500,2,0.25,True,5.0,4.1484505404580005,9,sbm_dpsgd_all_noised,3.992894984902444,1.0338953100711687,11.0,6.0,5.0,1e-05,55.212,0.22762622100775573,102,29,0.9999999999999999,0.1939824153139285,500,1.0,1,0,0.2,0.02,0.2,0.20202409638554217,0.02064,0.2,0.2068021148443222,0.039543379098176956,0.18855232000350952,0.7490321221273907
500,2,0.25,True,10.0,1.9945956405993723,9,edge_flip_vem,,,497,,,1e-05,55.212,0.22762622100775573,102,29,0.9999999999999999,0.1939824153139285,500,1.0,1,0,0.2,0.02,0.2,0.20202409638554217,0.02064,0.2,0.07880433648824692,0.12911547720432281,0.19373145699501038,1.4682350486603383e-05
500,2,0.25,True,10.0,1.9945956405993723,9,edge_flip_spectral,,,,,,1e-05,55.212,0.22762622100775573,102,29,0.9999999999999999,0.1939824153139285,500,1.0,1,0,0.2,0.02,0.2,0.20202409638554217,0.02064,0.2,0.2020392268896103,0.019047081470489502,0.20081400871276855,1.0
500,2,0.25,True,10.0,1.9945956405993723,9,sbm_dpsgd_all_noised,1.9223734183771504,0.5431122541136532,11.0,6.0,5.0,1e-05,55.212,0.22762622100775573,102,29,0.9999999999999999,0.1939824153139285,500,1.0,1,0,0.2,0.02,0.2,0.20202409638554217,0.02064,0.2,0.19668906927108765,0.05158008635044098,0.18563535809516907,0.6154290448356817
500,2,0.25,True,20.0,0.977390412892278,9,edge_flip_vem,,,747,,,1e-05,55.212,0.22762622100775573,102,29,0.9999999999999999,0.1939824153139285,500,1.0,1,0,0.2,0.02,0.2,0.20202409638554217,0.02064,0.2,0.09557659178972244,0.20599783957004547,0.3336542248725891,0.0003619728599708091
500,2,0.25,True,20.0,0.977390412892278,9,edge_flip_spectral,,,,,,1e-05,55.212,0.22762622100775573,102,29,0.9999999999999999,0.1939824153139285,500,1.0,1,0,0.2,0.02,0.2,0.20202409638554217,0.02064,0.2,0.19353348016738892,0.01201618555933237,0.21211692690849304,0.797070059619831
500,2,0.25,True,20.0,0.977390412892278,9,sbm_dpsgd_all_noised,0.9419985000802904,0.40561225411365304,11.0,6.0,5.0,1e-05,55.212,0.22762622100775573,102,29,0.9999999999999999,0.1939824153139285,500,1.0,1,0,0.2,0.02,0.2,0.20202409638554217,0.02064,0.2,0.1786419004201889,0.10015658289194107,0.15792430937290192,0.19320552322695292
500,2,0.25,True,1.0,27.43885139089614,10,edge_flip_vem,,,222,,,1e-05,55.288,0.22313147259010613,113,30,1.0000000000000002,0.1824173060422988,500,1.0,1,0,0.2,0.02,0.2,0.20157429718875503,0.020544,0.20125301204819276,0.20157429575920105,0.02054399996995926,0.2012530118227005,1.0
500,2,0.25,True,1.0,27.43885139089614,10,edge_flip_spectral,,,,,,1e-05,55.288,0.22313147259010613,113,30,1.0000000000000002,0.1824173060422988,500,1.0,1,0,0.2,0.02,0.2,0.20157429718875503,0.020544,0.20125301204819276,0.20157429575920105,0.02054399996995926,0.2012530118227005,1.0
500,2,0.25,True,1.0,27.43885139089614,10,sbm_dpsgd_all_noised,26.32774027978503,5.635918426327381,11.0,6.0,5.0,1e-05,55.288,0.22313147259010613,113,30,1.0000000000000002,0.1824173060422988,500,1.0,1,0,0.2,0.02,0.2,0.20157429718875503,0.020544,0.20125301204819276,0.22070014476776123,0.012586579658091068,0.21920031309127808,1.0
500,2,0.25,True,2.0,11.728684954707337,10,edge_flip_vem,,,274,,,1e-05,55.288,0.22313147259010613,113,30,1.0000000000000002,0.1824173060422988,500,1.0,1,0,0.2,0.02,0.2,0.20157429718875503,0.020544,0.20125301204819276,0.20156948268413544,0.0205362718552351,0.20128032565116882,1.0
500,2,0.25,True,2.0,11.728684954707337,10,edge_flip_spectral,,,,,,1e-05,55.288,0.22313147259010613,113,30,1.0000000000000002,0.1824173060422988,500,1.0,1,0,0.2,0.02,0.2,0.20157429718875503,0.020544,0.20125301204819276,0.20156948268413544,0.0205362718552351,0.20128032565116882,1.0
500,2,0.25,True,2.0,11.728684954707337,10,sbm_dpsgd_all_noised,11.245049229064149,2.668102829441137,11.0,6.0,5.0,1e-05,55.288,0.22313147259010613,113,30,1.0000000000000002,0.1824173060422988,500,1.0,1,0,0.2,0.02,0.2,0.20157429718875503,0.020544,0.20125301204819276,0.22122345864772797,0.01244649663567543,0.21826891601085663,1.0
500,2,0.25,True,5.0,4.1484505404580005,10,edge_flip_vem,,,243,,,1e-05,55.288,0.22313147259010613,113,30,1.0000000000000002,0.1824173060422988,500,1.0,1,0,0.2,0.02,0.2,0.20157429718875503,0.020544,0.20125301204819276,0.20194731652736664,0.02055143192410469,0.2014499306678772,1.0
500,2,0.25,True,5.0,4.1484505404580005,10,edge_flip_spectral,,,,,,1e-05,55.288,0.22313147259010613,113,30,1.0000000000000002,0.1824173060422988,500,1.0,1,0,0.2,0.02,0.2,0.20157429718875503,0.020544,0.20125301204819276,0.20194731652736664,0.02055143192410469,0.2014499306678772,1.0
500,2,0.25,True,5.0,4.1484505404580005,10,sbm_dpsgd_all_noised,3.992894984902444,1.0338953100711687,11.0,6.0,5.0,1e-05,55.288,0.22313147259010613,113,30,1.0000000000000002,0.1824173060422988,500,1.0,1,0,0.2,0.02,0.2,0.20157429718875503,0.020544,0.20125301204819276,0.22114494442939758,0.012760955840349197,0.21808475255966187,1.0
500,2,0.25,True,10.0,1.9945956405993723,10,edge_flip_vem,,,563,,,1e-05,55.288,0.22313147259010613,113,30,1.0000000000000002,0.1824173060422988,500,1.0,1,0,0.2,0.02,0.2,0.20157429718875503,0.020544,0.20125301204819276,0.201532244682312,0.021719159558415413,0.19895505905151367,1.0
500,2,0.25,True,10.0,1.9945956405993723,10,edge_flip_spectral,,,,,,1e-05,55.288,0.22313147259010613,113,30,1.0000000000000002,0.1824173060422988,500,1.0,1,0,0.2,0.02,0.2,0.20157429718875503,0.020544,0.20125301204819276,0.201532244682312,0.021719159558415413,0.19895505905151367,1.0
500,2,0.25,True,10.0,1.9945956405993723,10,sbm_dpsgd_all_noised,1.9223734183771504,0.5431122541136532,11.0,6.0,5.0,1e-05,55.288,0.22313147259010613,113,30,1.0000000000000002,0.1824173060422988,500,1.0,1,0,0.2,0.02,0.2,0.20157429718875503,0.020544,0.20125301204819276,0.2171999216079712,0.013135774992406368,0.21911893784999847,1.0
500,2,0.25,True,20.0,0.977390412892278,10,edge_flip_vem,,,427,,,1e-05,55.288,0.22313147259010613,113,30,1.0000000000000002,0.1824173060422988,500,1.0,1,0,0.2,0.02,0.2,0.20157429718875503,0.020544,0.20125301204819276,0.08913398534059525,0.19095826148986816,0.2668592929840088,0.0
500,2,0.25,True,20.0,0.977390412892278,10,edge_flip_spectral,,,,,,1e-05,55.288,0.22313147259010613,113,30,1.0000000000000002,0.1824173060422988,500,1.0,1,0,0.2,0.02,0.2,0.20157429718875503,0.020544,0.20125301204819276,0.19760829210281372,0.02612149529159069,0.21042843163013458,0.6827855118629091
500,2,0.25,True,20.0,0.977390412892278,10,sbm_dpsgd_all_noised,0.9419985000802904,0.40561225411365304,11.0,6.0,5.0,1e-05,55.288,0.22313147259010613,113,30,1.0000000000000002,0.1824173060422988,500,1.0,1,0,0.2,0.02,0.2,0.20157429718875503,0.020544,0.20125301204819276,0.20273257791996002,0.028834939002990723,0.20712007582187653,0.827056472583636
500,2,0.25,True,1.0,27.43885139089614,11,edge_flip_vem,,,256,,,1e-05,54.888,0.20528400883394998,95,27,0.9999999999999999,0.1735631492276317,500,1.0,1,0,0.2,0.02,0.2,0.202859437751004,0.018608,0.2006425702811245,0.20064257085323334,0.01860800012946129,0.20285943150520325,1.0
500,2,0.25,True,1.0,27.43885139089614,11,edge_flip_spectral,,,,,,1e-05,54.888,0.20528400883394998,95,27,0.9999999999999999,0.1735631492276317,500,1.0,1,0,0.2,0.02,0.2,0.202859437751004,0.018608,0.2006425702811245,0.20285943150520325,0.01860800012946129,0.20064257085323334,1.0
500,2,0.25,True,1.0,27.43885139089614,11,sbm_dpsgd_all_noised,26.32774027978503,5.635918426327381,11.0,6.0,5.0,1e-05,54.888,0.20528400883394998,95,27,0.9999999999999999,0.1735631492276317,500,1.0,1,0,0.2,0.02,0.2,0.202859437751004,0.018608,0.2006425702811245,0.22415950894355774,0.011849436908960342,0.21656015515327454,1.0
500,2,0.25,True,2.0,11.728684954707337,11,edge_flip_vem,,,282,,,1e-05,54.888,0.20528400883394998,95,27,0.9999999999999999,0.1735631492276317,500,1.0,1,0,0.2,0.02,0.2,0.202859437751004,0.018608,0.2006425702811245,0.20066986978054047,0.018600240349769592,0.20285464823246002,1.0
500,2,0.25,True,2.0,11.728684954707337,11,edge_flip_spectral,,,,,,1e-05,54.888,0.20528400883394998,95,27,0.9999999999999999,0.1735631492276317,500,1.0,1,0,0.2,0.02,0.2,0.202859437751004,0.018608,0.2006425702811245,0.20285464823246002,0.018600240349769592,0.20066986978054047,1.0
500,2,0.25,True,2.0,11.728684954707337,11,sbm_dpsgd_all_noised,11.245049229064149,2.668102829441137,11.0,6.0,5.0,1e-05,54.888,0.20528400883394998,95,27,0.9999999999999999,0.1735631492276317,500,1.0,1,0,0.2,0.02,0.2,0.202859437751004,0.018608,0.2006425702811245,0.2234354019165039,0.011564202606678009,0.21763883531093597,1.0
500,2,0.25,True,5.0,4.1484505404580005,11,edge_flip_vem,,,218,,,1e-05,54.888,0.20528400883394998,95,27,0.9999999999999999,0.1735631492276317,500,1.0,1,0,0.2,0.02,0.2,0.202859437751004,0.018608,0.2006425702811245,0.20164889097213745,0.01914779655635357,0.2028426229953766,1.0
500,2,0.25,True,5.0,4.1484505404580005,11,edge_flip_spectral,,,,,,1e-05,54.888,0.20528400883394998,95,27,0.9999999999999999,0.1735631492276317,500,1.0,1,0,0.2,0.02,0.2,0.202859437751004,0.018608,0.2006425702811245,0.2028426229953766,0.01914779655635357,0.20164889097213745,1.0
500,2,0.25,True,5.0,4.1484505404580005,11,sbm_dpsgd_all_noised,3.992894984902444,1.0338953100711687,11.0,6.0,5.0,1e-05,54.888,0.20528400883394998,95,27,0.9999999999999999,0.1735631492276317,500,1.0,1,0,0.2,0.02,0.2,0.202859437751004,0.018608,0.2006425702811245,0.22217583656311035,0.01194087415933609,0.21805401146411896,0.981182940453905
500,2,0.25,True,10.0,1.9945956405993723,11,edge_flip_vem,,,638,,,1e-05,54.888,0.20528400883394998,95,27,0.9999999999999999,0.1735631492276317,500,1.0,1,0,0.2,0.02,0.2,0.202859437751004,0.018608,0.2006425702811245,0.2031925618648529,0.021259140223264694,0.1993420273065567,0.981182940453905
500,2,0.25,True,10.0,1.9945956405993723,11,edge_flip_spectral,,,,,,1e-05,54.888,0.20528400883394998,95,27,0.9999999999999999,0.1735631492276317,500,1.0,1,0,0.2,0.02,0.2,0.202859437751004,0.018608,0.2006425702811245,0.1993420273065567,0.021259140223264694,0.2031925618648529,0.981182940453905
500,2,0.25,True,10.0,1.9945956405993723,11,sbm_dpsgd_all_noised,1.9223734183771504,0.5431122541136532,11.0,6.0,5.0,1e-05,54.888,0.20528400883394998,95,27,0.9999999999999999,0.1735631492276317,500,1.0,1,0,0.2,0.02,0.2,0.202859437751004,0.018608,0.2006425702811245,0.21421293914318085,0.016731340438127518,0.21229498088359833,0.8823649750258831
500,2,0.25,True,20.0,0.977390412892278,11,edge_flip_vem,,,513,,,1e-05,54.888,0.20528400883394998,95,27,0.9999999999999999,0.1735631492276317,500,1.0,1,0,0.2,0.02,0.2,0.202859437751004,0.018608,0.2006425702811245,0.09049411863088608,0.19623883068561554,0.2731863558292389,0.0034086008600578057
500,2,0.25,True,20.0,0.977390412892278,11,edge_flip_spectral,,,,,,1e-05,54.888,0.20528400883394998,95,27,0.9999999999999999,0.1735631492276317,500,1.0,1,0,0.2,0.02,0.2,0.202859437751004,0.018608,0.2006425702811245,0.1915041208267212,0.021528108045458794,0.19849584996700287,0.6667403205806005
500,2,0.25,True,20.0,0.977390412892278,11,sbm_dpsgd_all_noised,0.9419985000802904,0.40561225411365304,11.0,6.0,5.0,1e-05,54.888,0.20528400883394998,95,27,0.9999999999999999,0.1735631492276317,500,1.0,1,0,0.2,0.02,0.2,0.202859437751004,0.018608,0.2006425702811245,0.18796870112419128,0.07317085564136505,0.1850658655166626,0.47643446180845533
500,2,0.25,True,1.0,27.43885139089614,12,edge_flip_vem,,,153,,,1e-05,55.232,0.22676099185734905,100,24,0.9999999999999999,0.18029659974360004,500,1.0,1,0,0.2,0.02,0.2,0.20742168674698797,0.019104,0.19784738955823294,0.2074216902256012,0.0191040001809597,0.1978473961353302,1.0
500,2,0.25,True,1.0,27.43885139089614,12,edge_flip_spectral,,,,,,1e-05,55.232,0.22676099185734905,100,24,0.9999999999999999,0.18029659974360004,500,1.0,1,0,0.2,0.02,0.2,0.20742168674698797,0.019104,0.19784738955823294,0.1978473961353302,0.0191040001809597,0.2074216902256012,1.0
500,2,0.25,True,1.0,27.43885139089614,12,sbm_dpsgd_all_noised,26.32774027978503,5.635918426327381,11.0,6.0,5.0,1e-05,55.232,0.22676099185734905,100,24,0.9999999999999999,0.18029659974360004,500,1.0,1,0,0.2,0.02,0.2,0.20742168674698797,0.019104,0.19784738955823294,0.22714869678020477,0.012016765773296356,0.217213436961174,1.0
500,2,0.25,True,2.0,11.728684954707337,12,edge_flip_vem,,,146,,,1e-05,55.232,0.22676099185734905,100,24,0.9999999999999999,0.18029659974360004,500,1.0,1,0,0.2,0.02,0.2,0.20742168674698797,0.019104,0.19784738955823294,0.20741696655750275,0.019112247973680496,0.1978425234556198,1.0
500,2,0.25,True,2.0,11.728684954707337,12,edge_flip_spectral,,,,,,1e-05,55.232,0.22676099185734905,100,24,0.9999999999999999,0.18029659974360004,500,1.0,1,0,0.2,0.02,0.2,0.20742168674698797,0.019104,0.19784738955823294,0.1978425234556198,0.019112247973680496,0.20741696655750275,1.0
500,2,0.25,True,2.0,11.728684954707337,12,sbm_dpsgd_all_noised,11.245049229064149,2.668102829441137,11.0,6.0,5.0,1e-05,55.232,0.22676099185734905,100,24,0.9999999999999999,0.18029659974360004,500,1.0,1,0,0.2,0.02,0.2,0.20742168674698797,0.019104,0.19784738955823294,0.22679676115512848,0.011954274028539658,0.2170226275920868,1.0
500,2,0.25,True,5.0,4.1484505404580005,12,edge_flip_vem,,,321,,,1e-05,55.232,0.22676099185734905,100,24,0.9999999999999999,0.18029659974360004,500,1.0,1,0,0.2,0.02,0.2,0.20742168674698797,0.019104,0.19784738955823294,0.20615854859352112,0.01924687810242176,0.19853191077709198,1.0
500,2,0.25,True,5.0,4.1484505404580005,12,edge_flip_spectral,,,,,,1e-05,55.232,0.22676099185734905,100,24,0.9999999999999999,0.18029659974360004,500,1.0,1,0,0.2,0.02,0.2,0.20742168674698797,0.019104,0.19784738955823294,0.19853191077709198,0.01924687810242176,0.20615854859352112,1.0
500,2,0.25,True,5.0,4.1484505404580005,12,sbm_dpsgd_all_noised,3.992894984902444,1.0338953100711687,11.0,6.0,5.0,1e-05,55.232,0.22676099185734905,100,24,0.9999999999999999,0.18029659974360004,500,1.0,1,0,0.2,0.02,0.2,0.20742168674698797,0.019104,0.19784738955823294,0.226491779088974,0.011784583330154419,0.2167854607105255,1.0
500,2,0.25,True,10.0,1.9945956405993723,12,edge_flip_vem,,,528,,,1e-05,55.232,0.22676099185734905,100,24,0.9999999999999999,0.18029659974360004,500,1.0,1,0,0.2,0.02,0.2,0.20742168674698797,0.019104,0.19784738955823294,0.2070668488740921,0.016480203717947006,0.19730734825134277,1.0
500,2,0.25,True,10.0,1.9945956405993723,12,edge_flip_spectral,,,,,,1e-05,55.232,0.22676099185734905,100,24,0.9999999999999999,0.18029659974360004,500,1.0,1,0,0.2,0.02,0.2,0.20742168674698797,0.019104,0.19784738955823294,0.19730734825134277,0.016480203717947006,0.2070668488740921,1.0
500,2,0.25,True,10.0,1.9945956405993723,12,sbm_dpsgd_all_noised,1.9223734183771504,0.5431122541136532,11.0,6.0,5.0,1e-05,55.232,0.22676099185734905,100,24,0.9999999999999999,0.18029659974360004,500,1.0,1,0,0.2,0.02,0.2,0.20742168674698797,0.019104,0.19784738955823294,0.22072458267211914,0.014213846996426582,0.21399177610874176,0.981182940453905
500,2,0.25,True,20.0,0.977390412892278,12,edge_flip_vem,,,517,,,1e-05,55.232,0.22676099185734905,100,24,0.9999999999999999,0.18029659974360004,500,1.0,1,0,0.2,0.02,0.2,0.20742168674698797,0.019104,0.19784738955823294,0.08754908293485641,0.18579740822315216,0.3423837423324585,0.003072440585114875
500,2,0.25,True,20.0,0.977390412892278,12,edge_flip_spectral,,,,,,1e-05,55.232,0.22676099185734905,100,24,0.9999999999999999,0.18029659974360004,500,1.0,1,0,0.2,0.02,0.2,0.20742168674698797,0.019104,0.19784738955823294,0.20967233180999756,0.019856134429574013,0.19351783394813538,0.6575256949707539
500,2,0.25,True,20.0,0.977390412892278,12,sbm_dpsgd_all_noised,0.9419985000802904,0.40561225411365304,11.0,6.0,5.0,1e-05,55.232,0.22676099185734905,100,24,0.9999999999999999,0.18029659974360004,500,1.0,1,0,0.2,0.02,0.2,0.20742168674698797,0.019104,0.19784738955823294,0.18997454643249512,0.06787463277578354,0.18249094486236572,0.4825577839828588
500,2,0.25,True,1.0,27.43885139089614,13,edge_flip_vem,,,270,,,1e-05,54.516,0.23053134340134787,107,32,1.0,0.2002713356334034,500,1.0,1,0,0.2,0.02,0.2,0.1988433734939759,0.020336,0.1982008032128514,0.19884337484836578,0.020336000248789787,0.19820080697536469,1.0
500,2,0.25,True,1.0,27.43885139089614,13,edge_flip_spectral,,,,,,1e-05,54.516,0.23053134340134787,107,32,1.0,0.2002713356334034,500,1.0,1,0,0.2,0.02,0.2,0.1988433734939759,0.020336,0.1982008032128514,0.19884337484836578,0.020336000248789787,0.19820080697536469,1.0
500,2,0.25,True,1.0,27.43885139089614,13,sbm_dpsgd_all_noised,26.32774027978503,5.635918426327381,11.0,6.0,5.0,1e-05,54.516,0.23053134340134787,107,32,1.0,0.2002713356334034,500,1.0,1,0,0.2,0.02,0.2,0.1988433734939759,0.020336,0.1982008032128514,0.21891330182552338,0.010953785851597786,0.21882590651512146,1.0
500,2,0.25,True,2.0,11.728684954707337,13,edge_flip_vem,,,194,,,1e-05,54.516,0.23053134340134787,107,32,1.0,0.2002713356334034,500,1.0,1,0,0.2,0.02,0.2,0.1988433734939759,0.020336,0.1982008032128514,0.1988385170698166,0.020344268530607224,0.1981959342956543,1.0
500,2,0.25,True,2.0,11.728684954707337,13,edge_flip_spectral,,,,,,1e-05,54.516,0.23053134340134787,107,32,1.0,0.2002713356334034,500,1.0,1,0,0.2,0.02,0.2,0.1988433734939759,0.020336,0.1982008032128514,0.1988385170698166,0.020344268530607224,0.1981959342956543,1.0
500,2,0.25,True,2.0,11.728684954707337,13,sbm_dpsgd_all_noised,11.245049229064149,2.668102829441137,11.0,6.0,5.0,1e-05,54.516,0.23053134340134787,107,32,1.0,0.2002713356334034,500,1.0,1,0,0.2,0.02,0.2,0.1988433734939759,0.020336,0.1982008032128514,0.21903008222579956,0.010818147100508213,0.21730133891105652,1.0
500,2,0.25,True,5.0,4.1484505404580005,13,edge_flip_vem,,,275,,,1e-05,54.516,0.23053134340134787,107,32,1.0,0.2002713356334034,500,1.0,1,0,0.2,0.02,0.2,0.1988433734939759,0.020336,0.1982008032128514,0.19876402616500854,0.020931238308548927,0.19737133383750916,1.0
500,2,0.25,True,5.0,4.1484505404580005,13,edge_flip_spectral,,,,,,1e-05,54.516,0.23053134340134787,107,32,1.0,0.2002713356334034,500,1.0,1,0,0.2,0.02,0.2,0.1988433734939759,0.020336,0.1982008032128514,0.19876402616500854,0.020931238308548927,0.19737133383750916,1.0
500,2,0.25,True,5.0,4.1484505404580005,13,sbm_dpsgd_all_noised,3.992894984902444,1.0338953100711687,11.0,6.0,5.0,1e-05,54.516,0.23053134340134787,107,32,1.0,0.2002713356334034,500,1.0,1,0,0.2,0.02,0.2,0.1988433734939759,0.020336,0.1982008032128514,0.2118808776140213,0.01569792628288269,0.212062805891037,0.981182940453905
500,2,0.25,True,10.0,1.9945956405993723,13,edge_flip_vem,,,465,,,1e-05,54.516,0.23053134340134787,107,32,1.0,0.2002713356334034,500,1.0,1,0,0.2,0.02,0.2,0.1988433734939759,0.020336,0.1982008032128514,0.19675810635089874,0.019068121910095215,0.2008562535047531,1.0
500,2,0.25,True,10.0,1.9945956405993723,13,edge_flip_spectral,,,,,,1e-05,54.516,0.23053134340134787,107,32,1.0,0.2002713356334034,500,1.0,1,0,0.2,0.02,0.2,0.1988433734939759,0.020336,0.1982008032128514,0.2008562535047531,0.019068121910095215,0.19675810635089874,1.0
500,2,0.25,True,10.0,1.9945956405993723,13,sbm_dpsgd_all_noised,1.9223734183771504,0.5431122541136532,11.0,6.0,5.0,1e-05,54.516,0.23053134340134787,107,32,1.0,0.2002713356334034,500,1.0,1,0,0.2,0.02,0.2,0.1988433734939759,0.020336,0.1982008032128514,0.18399259448051453,0.06663854420185089,0.18286928534507751,0.5124653211941327
500,2,0.25,True,20.0,0.977390412892278,13,edge_flip_vem,,,425,,,1e-05,54.516,0.23053134340134787,107,32,1.0,0.2002713356334034,500,1.0,1,0,0.2,0.02,0.2,0.1988433734939759,0.020336,0.1982008032128514,0.20288081467151642,0.12583813071250916,0.04162600263953209,0.0017498016388445413
500,2,0.25,True,20.0,0.977390412892278,13,edge_flip_spectral,,,,,,1e-05,54.516,0.23053134340134787,107,32,1.0,0.2002713356334034,500,1.0,1,0,0.2,0.02,0.2,0.1988433734939759,0.020336,0.1982008032128514,0.203466534614563,0.017088355496525764,0.19697414338588715,0.6570388780388385
500,2,0.25,True,20.0,0.977390412892278,13,sbm_dpsgd_all_noised,0.9419985000802904,0.40561225411365304,11.0,6.0,5.0,1e-05,54.516,0.23053134340134787,107,32,1.0,0.2002713356334034,500,1.0,1,0,0.2,0.02,0.2,0.1988433734939759,0.020336,0.1982008032128514,0.1627693623304367,0.12334473431110382,0.1576637178659439,0.006124981891957507
500,2,0.25,True,1.0,27.43885139089614,14,edge_flip_vem,,,301,,,1e-05,54.86,0.21836187024708023,101,24,1.0000000000000002,0.19333459852225554,500,1.0,1,0,0.2,0.02,0.2,0.19951807228915663,0.020928,0.1991004016064257,0.19910040497779846,0.020927999168634415,0.19951806962490082,1.0
500,2,0.25,True,1.0,27.43885139089614,14,edge_flip_spectral,,,,,,1e-05,54.86,0.21836187024708023,101,24,1.0000000000000002,0.19333459852225554,500,1.0,1,0,0.2,0.02,0.2,0.19951807228915663,0.020928,0.1991004016064257,0.19910040497779846,0.020927999168634415,0.19951806962490082,1.0
500,2,0.25,True,1.0,27.43885139089614,14,sbm_dpsgd_all_noised,26.32774027978503,5.635918426327381,11.0,6.0,5.0,1e-05,54.86,0.21836187024708023,101,24,1.0000000000000002,0.19333459852225554,500,1.0,1,0,0.2,0.02,0.2,0.19951807228915663,0.020928,0.1991004016064257,0.20224463939666748,0.027757178992033005,0.20312845706939697,0.8585594574581806
500,2,0.25,True,2.0,11.728684954707337,14,edge_flip_vem,,,301,,,1e-05,54.86,0.21836187024708023,101,24,1.0000000000000002,0.19333459852225554,500,1.0,1,0,0.2,0.02,0.2,0.19951807228915663,0.020928,0.1991004016064257,0.19909554719924927,0.020920278504490852,0.19951322674751282,1.0
500,2,0.25,True,2.0,11.728684954707337,14,edge_flip_spectral,,,,,,1e-05,54.86,0.21836187024708023,101,24,1.0000000000000002,0.19333459852225554,500,1.0,1,0,0.2,0.02,0.2,0.19951807228915663,0.020928,0.1991004016064257,0.19909554719924927,0.020920278504490852,0.19951322674751282,1.0
500,2,0.25,True,2.0,11.728684954707337,14,sbm_dpsgd_all_noised,11.245049229064149,2.668102829441137,11.0,6.0,5.0,1e-05,54.86,0.21836187024708023,101,24,1.0000000000000002,0.19333459852225554,500,1.0,1,0,0.2,0.02,0.2,0.19951807228915663,0.020928,0.1991004016064257,0.19574865698814392,0.04107560217380524,0.1937132030725479,0.7357171542811628
500,2,0.25,True,5.0,4.1484505404580005,14,edge_flip_vem,,,434,,,1e-05,54.86,0.21836187024708023,101,24,1.0000000000000002,0.19333459852225554,500,1.0,1,0,0.2,0.02,0.2,0.19951807228915663,0.020928,0.1991004016064257,0.1996593177318573,0.020320244133472443,0.19886350631713867,1.0
500,2,0.25,True,5.0,4.1484505404580005,14,edge_flip_spectral,,,,,,1e-05,54.86,0.21836187024708023,101,24,1.0000000000000002,0.19333459852225554,500,1.0,1,0,0.2,0.02,0.2,0.19951807228915663,0.020928,0.1991004016064257,0.1996593177318573,0.020320244133472443,0.19886350631713867,1.0
500,2,0.25,True,5.0,4.1484505404580005,14,sbm_dpsgd_all_noised,3.992894984902444,1.0338953100711687,11.0,6.0,5.0,1e-05,54.86,0.21836187024708023,101,24,1.0000000000000002,0.19333459852225554,500,1.0,1,0,0.2,0.02,0.2,0.19951807228915663,0.020928,0.1991004016064257,0.19872377812862396,0.03453894332051277,0.19847790896892548,0.7670259579754346
500,2,0.25,True,10.0,1.9945956405993723,14,edge_flip_vem,,,596,,,1e-05,54.86,0.21836187024708023,101,24,1.0000000000000002,0.19333459852225554,500,1.0,1,0,0.2,0.02,0.2,0.19951807228915663,0.020928,0.1991004016064257,0.2021237313747406,0.022160999476909637,0.20322220027446747,1.0
500,2,0.25,True,10.0,1.9945956405993723,14,edge_flip_spectral,,,,,,1e-05,54.86,0.21836187024708023,101,24,1.0000000000000002,0.19333459852225554,500,1.0,1,0,0.2,0.02,0.2,0.19951807228915663,0.020928,0.1991004016064257,0.2021237313747406,0.022160999476909637,0.20322220027446747,1.0
500,2,0.25,True,10.0,1.9945956405993723,14,sbm_dpsgd_all_noised,1.9223734183771504,0.5431122541136532,11.0,6.0,5.0,1e-05,54.86,0.21836187024708023,101,24,1.0000000000000002,0.19333459852225554,500,1.0,1,0,0.2,0.02,0.2,0.19951807228915663,0.020928,0.1991004016064257,0.16468532383441925,0.10380623489618301,0.16886457800865173,0.1237020849313298
500,2,0.25,True,20.0,0.977390412892278,14,edge_flip_vem,,,545,,,1e-05,54.86,0.21836187024708023,101,24,1.0000000000000002,0.19333459852225554,500,1.0,1,0,0.2,0.02,0.2,0.19951807228915663,0.020928,0.1991004016064257,0.008263733237981796,0.0878053829073906,0.1759292483329773,0.00011355041363655683
500,2,0.25,True,20.0,0.977390412892278,14,edge_flip_spectral,,,,,,1e-05,54.86,0.21836187024708023,101,24,1.0000000000000002,0.19333459852225554,500,1.0,1,0,0.2,0.02,0.2,0.19951807228915663,0.020928,0.1991004016064257,0.19516955316066742,0.020434368401765823,0.21013213694095612,0.7009001335865265
500,2,0.25,True,20.0,0.977390412892278,14,sbm_dpsgd_all_noised,0.9419985000802904,0.40561225411365304,11.0,6.0,5.0,1e-05,54.86,0.21836187024708023,101,24,1.0000000000000002,0.19333459852225554,500,1.0,1,0,0.2,0.02,0.2,0.19951807228915663,0.020928,0.1991004016064257,0.15732553601264954,0.11695047467947006,0.16134697198867798,0.03651638755525465
500,2,0.25,True,1.0,27.43885139089614,15,edge_flip_vem,,,146,,,1e-05,55.024,0.2237052952587083,97,30,1.0,0.19227309730176018,500,1.0,1,0,0.2,0.02,0.2,0.19723694779116466,0.020176,0.20420883534136547,0.2042088359594345,0.020176000893115997,0.19723695516586304,1.0
500,2,0.25,True,1.0,27.43885139089614,15,edge_flip_spectral,,,,,,1e-05,55.024,0.2237052952587083,97,30,1.0,0.19227309730176018,500,1.0,1,0,0.2,0.02,0.2,0.19723694779116466,0.020176,0.20420883534136547,0.2042088359594345,0.020176000893115997,0.19723695516586304,1.0
500,2,0.25,True,1.0,27.43885139089614,15,sbm_dpsgd_all_noised,26.32774027978503,5.635918426327381,11.0,6.0,5.0,1e-05,55.024,0.2237052952587083,97,30,1.0,0.19227309730176018,500,1.0,1,0,0.2,0.02,0.2,0.19723694779116466,0.020176,0.20420883534136547,0.21958331763744354,0.014282036572694778,0.21190354228019714,1.0
500,2,0.25,True,2.0,11.728684954707337,15,edge_flip_vem,,,171,,,1e-05,55.024,0.2237052952587083,97,30,1.0,0.19227309730176018,500,1.0,1,0,0.2,0.02,0.2,0.19723694779116466,0.020176,0.20420883534136547,0.20420406758785248,0.020184265449643135,0.19723206758499146,1.0
500,2,0.25,True,2.0,11.728684954707337,15,edge_flip_spectral,,,,,,1e-05,55.024,0.2237052952587083,97,30,1.0,0.19227309730176018,500,1.0,1,0,0.2,0.02,0.2,0.19723694779116466,0.020176,0.20420883534136547,0.20420406758785248,0.020184265449643135,0.19723206758499146,1.0
500,2,0.25,True,2.0,11.728684954707337,15,sbm_dpsgd_all_noised,11.245049229064149,2.668102829441137,11.0,6.0,5.0,1e-05,55.024,0.2237052952587083,97,30,1.0,0.19227309730176018,500,1.0,1,0,0.2,0.02,0.2,0.19723694779116466,0.020176,0.20420883534136547,0.19189509749412537,0.054843369871377945,0.18430861830711365,0.613271123849403
500,2,0.25,True,5.0,4.1484505404580005,15,edge_flip_vem,,,208,,,1e-05,55.024,0.2237052952587083,97,30,1.0,0.19227309730176018,500,1.0,1,0,0.2,0.02,0.2,0.19723694779116466,0.020176,0.20420883534136547,0.20416899025440216,0.019032204523682594,0.19670814275741577,1.0
500,2,0.25,True,5.0,4.1484505404580005,15,edge_flip_spectral,,,,,,1e-05,55.024,0.2237052952587083,97,30,1.0,0.19227309730176018,500,1.0,1,0,0.2,0.02,0.2,0.19723694779116466,0.020176,0.20420883534136547,0.20416899025440216,0.019032204523682594,0.19670814275741577,1.0
500,2,0.25,True,5.0,4.1484505404580005,15,sbm_dpsgd_all_noised,3.992894984902444,1.0338953100711687,11.0,6.0,5.0,1e-05,55.024,0.2237052952587083,97,30,1.0,0.19227309730176018,500,1.0,1,0,0.2,0.02,0.2,0.19723694779116466,0.020176,0.20420883534136547,0.17971251904964447,0.08886624127626419,0.1693062037229538,0.29045028634256487
500,2,0.25,True,10.0,1.9945956405993723,15,edge_flip_vem,,,521,,,1e-05,55.024,0.2237052952587083,97,30,1.0,0.19227309730176018,500,1.0,1,0,0.2,0.02,0.2,0.19723694779116466,0.020176,0.20420883534136547,0.0752348005771637,0.12677955627441406,0.18542294204235077,0.0006573463147715931
500,2,0.25,True,10.0,1.9945956405993723,15,edge_flip_spectral,,,,,,1e-05,55.024,0.2237052952587083,97,30,1.0,0.19227309730176018,500,1.0,1,0,0.2,0.02,0.2,0.19723694779116466,0.020176,0.20420883534136547,0.19798332452774048,0.023633796721696854,0.19899730384349823,1.0
500,2,0.25,True,10.0,1.9945956405993723,15,sbm_dpsgd_all_noised,1.9223734183771504,0.5431122541136532,11.0,6.0,5.0,1e-05,55.024,0.2237052952587083,97,30,1.0,0.19227309730176018,500,1.0,1,0,0.2,0.02,0.2,0.19723694779116466,0.020176,0.20420883534136547,0.16718676686286926,0.108060821890831,0.16423815488815308,0.10919073579340814
500,2,0.25,True,20.0,0.977390412892278,15,edge_flip_vem,,,516,,,1e-05,55.024,0.2237052952587083,97,30,1.0,0.19227309730176018,500,1.0,1,0,0.2,0.02,0.2,0.19723694779116466,0.020176,0.20420883534136547,0.26880624890327454,0.14973804354667664,0.07003982365131378,0.00539983219478836
500,2,0.25,True,20.0,0.977390412892278,15,edge_flip_spectral,,,,,,1e-05,55.024,0.2237052952587083,97,30,1.0,0.19227309730176018,500,1.0,1,0,0.2,0.02,0.2,0.19723694779116466,0.020176,0.20420883534136547,0.20754337310791016,0.01339347381144762,0.19827744364738464,0.797070059619831
500,2,0.25,True,20.0,0.977390412892278,15,sbm_dpsgd_all_noised,0.9419985000802904,0.40561225411365304,11.0,6.0,5.0,1e-05,55.024,0.2237052952587083,97,30,1.0,0.19227309730176018,500,1.0,1,0,0.2,0.02,0.2,0.19723694779116466,0.020176,0.20420883534136547,0.17439943552017212,0.10171721875667572,0.16320478916168213,0.20229925399194562
500,2,0.25,True,1.0,27.43885139089614,16,edge_flip_vem,,,193,,,1e-05,54.832,0.22100372802394785,93,28,1.0,0.18366151361711733,500,1.0,1,0,0.2,0.02,0.2,0.19701204819277107,0.0196,0.20404819277108432,0.20404818654060364,0.019600000232458115,0.1970120519399643,1.0
500,2,0.25,True,1.0,27.43885139089614,16,edge_flip_spectral,,,,,,1e-05,54.832,0.22100372802394785,93,28,1.0,0.18366151361711733,500,1.0,1,0,0.2,0.02,0.2,0.19701204819277107,0.0196,0.20404819277108432,0.1970120519399643,0.019600000232458115,0.20404818654060364,1.0
500,2,0.25,True,1.0,27.43885139089614,16,sbm_dpsgd_all_noised,26.32774027978503,5.635918426327381,11.0,6.0,5.0,1e-05,54.832,0.22100372802394785,93,28,1.0,0.18366151361711733,500,1.0,1,0,0.2,0.02,0.2,0.19701204819277107,0.0196,0.20404819277108432,0.1837645173072815,0.053179703652858734,0.19276809692382812,0.6417355325770396
500,2,0.25,True,2.0,11.728684954707337,16,edge_flip_vem,,,193,,,1e-05,54.832,0.22100372802394785,93,28,1.0,0.18366151361711733,500,1.0,1,0,0.2,0.02,0.2,0.19701204819277107,0.0196,0.20404819277108432,0.2040434181690216,0.01959225721657276,0.1970071643590927,1.0
500,2,0.25,True,2.0,11.728684954707337,16,edge_flip_spectral,,,,,,1e-05,54.832,0.22100372802394785,93,28,1.0,0.18366151361711733,500,1.0,1,0,0.2,0.02,0.2,0.19701204819277107,0.0196,0.20404819277108432,0.1970071643590927,0.01959225721657276,0.2040434181690216,1.0
500,2,0.25,True,2.0,11.728684954707337,16,sbm_dpsgd_all_noised,11.245049229064149,2.668102829441137,11.0,6.0,5.0,1e-05,54.832,0.22100372802394785,93,28,1.0,0.18366151361711733,500,1.0,1,0,0.2,0.02,0.2,0.19701204819277107,0.0196,0.20404819277108432,0.20721417665481567,0.01709684729576111,0.21318908035755157,0.9663653678534111
500,2,0.25,True,5.0,4.1484505404580005,16,edge_flip_vem,,,190,,,1e-05,54.832,0.22100372802394785,93,28,1.0,0.18366151361711733,500,1.0,1,0,0.2,0.02,0.2,0.19701204819277107,0.0196,0.20404819277108432,0.20343948900699615,0.02036978490650654,0.19687393307685852,1.0
500,2,0.25,True,5.0,4.1484505404580005,16,edge_flip_spectral,,,,,,1e-05,54.832,0.22100372802394785,93,28,1.0,0.18366151361711733,500,1.0,1,0,0.2,0.02,0.2,0.19701204819277107,0.0196,0.20404819277108432,0.19687393307685852,0.02036978490650654,0.20343948900699615,1.0
500,2,0.25,True,5.0,4.1484505404580005,16,sbm_dpsgd_all_noised,3.992894984902444,1.0338953100711687,11.0,6.0,5.0,1e-05,54.832,0.22100372802394785,93,28,1.0,0.18366151361711733,500,1.0,1,0,0.2,0.02,0.2,0.19701204819277107,0.0196,0.20404819277108432,0.16583266854286194,0.10194540023803711,0.1702459454536438,0.14467908161686693
500,2,0.25,True,10.0,1.9945956405993723,16,edge_flip_vem,,,432,,,1e-05,54.832,0.22100372802394785,93,28,1.0,0.18366151361711733,500,1.0,1,0,0.2,0.02,0.2,0.19701204819277107,0.0196,0.20404819277108432,0.20972853899002075,0.019194360822439194,0.19705384969711304,1.0
500,2,0.25,True,10.0,1.9945956405993723,16,edge_flip_spectral,,,,,,1e-05,54.832,0.22100372802394785,93,28,1.0,0.18366151361711733,500,1.0,1,0,0.2,0.02,0.2,0.19701204819277107,0.0196,0.20404819277108432,0.19705384969711304,0.019194360822439194,0.20972853899002075,1.0
500,2,0.25,True,10.0,1.9945956405993723,16,sbm_dpsgd_all_noised,1.9223734183771504,0.5431122541136532,11.0,6.0,5.0,1e-05,54.832,0.22100372802394785,93,28,1.0,0.18366151361711733,500,1.0,1,0,0.2,0.02,0.2,0.19701204819277107,0.0196,0.20404819277108432,0.1744130253791809,0.08429096639156342,0.1786683350801468,0.311401834964771
500,2,0.25,True,20.0,0.977390412892278,16,edge_flip_vem,,,540,,,1e-05,54.832,0.22100372802394785,93,28,1.0,0.18366151361711733,500,1.0,1,0,0.2,0.02,0.2,0.19701204819277107,0.0196,0.20404819277108432,0.28836143016815186,0.17533202469348907,0.08121247589588165,0.000665880299753826
500,2,0.25,True,20.0,0.977390412892278,16,edge_flip_spectral,,,,,,1e-05,54.832,0.22100372802394785,93,28,1.0,0.18366151361711733,500,1.0,1,0,0.2,0.02,0.2,0.19701204819277107,0.0196,0.20404819277108432,0.18666277825832367,0.02005610056221485,0.2220476269721985,0.7029688616983215
500,2,0.25,True,20.0,0.977390412892278,16,sbm_dpsgd_all_noised,0.9419985000802904,0.40561225411365304,11.0,6.0,5.0,1e-05,54.832,0.22100372802394785,93,28,1.0,0.18366151361711733,500,1.0,1,0,0.2,0.02,0.2,0.19701204819277107,0.0196,0.20404819277108432,0.18480359017848969,0.07554202526807785,0.1806505173444748,0.4211594301353136
500,2,0.25,True,1.0,27.43885139089614,17,edge_flip_vem,,,281,,,1e-05,54.972,0.21743264708787102,97,28,0.9999999999999999,0.17839329610689098,500,1.0,1,0,0.2,0.02,0.2,0.20565461847389557,0.019232,0.1972690763052209,0.19726908206939697,0.019231999292969704,0.20565462112426758,1.0
500,2,0.25,True,1.0,27.43885139089614,17,edge_flip_spectral,,,,,,1e-05,54.972,0.21743264708787102,97,28,0.9999999999999999,0.17839329610689098,500,1.0,1,0,0.2,0.02,0.2,0.20565461847389557,0.019232,0.1972690763052209,0.19726908206939697,0.019231999292969704,0.20565462112426758,1.0
500,2,0.25,True,1.0,27.43885139089614,17,sbm_dpsgd_all_noised,26.32774027978503,5.635918426327381,11.0,6.0,5.0,1e-05,54.972,0.21743264708787102,97,28,0.9999999999999999,0.17839329610689098,500,1.0,1,0,0.2,0.02,0.2,0.20565461847389557,0.019232,0.1972690763052209,0.22004114091396332,0.011331739835441113,0.22358445823192596,1.0
500,2,0.25,True,2.0,11.728684954707337,17,edge_flip_vem,,,237,,,1e-05,54.972,0.21743264708787102,97,28,0.9999999999999999,0.17839329610689098,500,1.0,1,0,0.2,0.02,0.2,0.20565461847389557,0.019232,0.1972690763052209,0.1972641944885254,0.019224250689148903,0.20568200945854187,1.0
500,2,0.25,True,2.0,11.728684954707337,17,edge_flip_spectral,,,,,,1e-05,54.972,0.21743264708787102,97,28,0.9999999999999999,0.17839329610689098,500,1.0,1,0,0.2,0.02,0.2,0.20565461847389557,0.019232,0.1972690763052209,0.1972641944885254,0.019224250689148903,0.20568200945854187,1.0
500,2,0.25,True,2.0,11.728684954707337,17,sbm_dpsgd_all_noised,11.245049229064149,2.668102829441137,11.0,6.0,5.0,1e-05,54.972,0.21743264708787102,97,28,0.9999999999999999,0.17839329610689098,500,1.0,1,0,0.2,0.02,0.2,0.20565461847389557,0.019232,0.1972690763052209,0.2196914106607437,0.011536861769855022,0.22383151948451996,1.0
500,2,0.25,True,5.0,4.1484505404580005,17,edge_flip_vem,,,232,,,1e-05,54.972,0.21743264708787102,97,28,0.9999999999999999,0.17839329610689098,500,1.0,1,0,0.2,0.02,0.2,0.20565461847389557,0.019232,0.1972690763052209,0.19773608446121216,0.019114769995212555,0.20665594935417175,1.0
500,2,0.25,True,5.0,4.1484505404580005,17,edge_flip_spectral,,,,,,1e-05,54.972,0.21743264708787102,97,28,0.9999999999999999,0.17839329610689098,500,1.0,1,0,0.2,0.02,0.2,0.20565461847389557,0.019232,0.1972690763052209,0.19773608446121216,0.019114769995212555,0.20665594935417175,1.0
500,2,0.25,True,5.0,4.1484505404580005,17,sbm_dpsgd_all_noised,3.992894984902444,1.0338953100711687,11.0,6.0,5.0,1e-05,54.972,0.21743264708787102,97,28,0.9999999999999999,0.17839329610689098,500,1.0,1,0,0.2,0.02,0.2,0.20565461847389557,0.019232,0.1972690763052209,0.2185254842042923,0.011908928863704205,0.22353008389472961,1.0
500,2,0.25,True,10.0,1.9945956405993723,17,edge_flip_vem,,,473,,,1e-05,54.972,0.21743264708787102,97,28,0.9999999999999999,0.17839329610689098,500,1.0,1,0,0.2,0.02,0.2,0.20565461847389557,0.019232,0.1972690763052209,0.1914769858121872,0.01889980211853981,0.20605288445949554,1.0
500,2,0.25,True,10.0,1.9945956405993723,17,edge_flip_spectral,,,,,,1e-05,54.972,0.21743264708787102,97,28,0.9999999999999999,0.17839329610689098,500,1.0,1,0,0.2,0.02,0.2,0.20565461847389557,0.019232,0.1972690763052209,0.1914769858121872,0.01889980211853981,0.20605288445949554,1.0
500,2,0.25,True,10.0,1.9945956405993723,17,sbm_dpsgd_all_noised,1.9223734183771504,0.5431122541136532,11.0,6.0,5.0,1e-05,54.972,0.21743264708787102,97,28,0.9999999999999999,0.17839329610689098,500,1.0,1,0,0.2,0.02,0.2,0.20565461847389557,0.019232,0.1972690763052209,0.21407918632030487,0.015030767768621445,0.22249849140644073,0.9663653678534111
500,2,0.25,True,20.0,0.977390412892278,17,edge_flip_vem,,,563,,,1e-05,54.972,0.21743264708787102,97,28,0.9999999999999999,0.17839329610689098,500,1.0,1,0,0.2,0.02,0.2,0.20565461847389557,0.019232,0.1972690763052209,0.08839768171310425,0.17665746808052063,0.33025941252708435,0.006981222855436324
500,2,0.25,True,20.0,0.977390412892278,17,edge_flip_spectral,,,,,,1e-05,54.972,0.21743264708787102,97,28,0.9999999999999999,0.17839329610689098,500,1.0,1,0,0.2,0.02,0.2,0.20565461847389557,0.019232,0.1972690763052209,0.18193921446800232,0.018826276063919067,0.21540136635303497,0.6233180274362041
500,2,0.25,True,20.0,0.977390412892278,17,sbm_dpsgd_all_noised,0.9419985000802904,0.40561225411365304,11.0,6.0,5.0,1e-05,54.972,0.21743264708787102,97,28,0.9999999999999999,0.17839329610689098,500,1.0,1,0,0.2,0.02,0.2,0.20565461847389557,0.019232,0.1972690763052209,0.19640229642391205,0.039401035755872726,0.2083950638771057,0.6805912411699239
500,2,0.25,True,1.0,27.43885139089614,18,edge_flip_vem,,,142,,,1e-05,54.756,0.21436283793314254,100,28,1.0,0.18773695764410614,500,1.0,1,0,0.2,0.02,0.2,0.204144578313253,0.02072,0.1940562248995984,0.20414458215236664,0.020719999447464943,0.19405622780323029,1.0
500,2,0.25,True,1.0,27.43885139089614,18,edge_flip_spectral,,,,,,1e-05,54.756,0.21436283793314254,100,28,1.0,0.18773695764410614,500,1.0,1,0,0.2,0.02,0.2,0.204144578313253,0.02072,0.1940562248995984,0.19405622780323029,0.020719999447464943,0.20414458215236664,1.0
500,2,0.25,True,1.0,27.43885139089614,18,sbm_dpsgd_all_noised,26.32774027978503,5.635918426327381,11.0,6.0,5.0,1e-05,54.756,0.21436283793314254,100,28,1.0,0.18773695764410614,500,1.0,1,0,0.2,0.02,0.2,0.204144578313253,0.02072,0.1940562248995984,0.22294698655605316,0.013007882051169872,0.21552351117134094,1.0
500,2,0.25,True,2.0,11.728684954707337,18,edge_flip_vem,,,142,,,1e-05,54.756,0.21436283793314254,100,28,1.0,0.18773695764410614,500,1.0,1,0,0.2,0.02,0.2,0.204144578313253,0.02072,0.1940562248995984,0.2041398137807846,0.020712275058031082,0.194115549325943,1.0
500,2,0.25,True,2.0,11.728684954707337,18,edge_flip_spectral,,,,,,1e-05,54.756,0.21436283793314254,100,28,1.0,0.18773695764410614,500,1.0,1,0,0.2,0.02,0.2,0.204144578313253,0.02072,0.1940562248995984,0.194115549325943,0.020712275058031082,0.2041398137807846,1.0
500,2,0.25,True,2.0,11.728684954707337,18,sbm_dpsgd_all_noised,11.245049229064149,2.668102829441137,11.0,6.0,5.0,1e-05,54.756,0.21436283793314254,100,28,1.0,0.18773695764410614,500,1.0,1,0,0.2,0.02,0.2,0.204144578313253,0.02072,0.1940562248995984,0.22340713441371918,0.012904651463031769,0.21493637561798096,1.0
500,2,0.25,True,5.0,4.1484505404580005,18,edge_flip_vem,,,131,,,1e-05,54.756,0.21436283793314254,100,28,1.0,0.18773695764410614,500,1.0,1,0,0.2,0.02,0.2,0.204144578313253,0.02072,0.1940562248995984,0.19332589209079742,0.019775304943323135,0.20453374087810516,1.0
500,2,0.25,True,5.0,4.1484505404580005,18,edge_flip_spectral,,,,,,1e-05,54.756,0.21436283793314254,100,28,1.0,0.18773695764410614,500,1.0,1,0,0.2,0.02,0.2,0.204144578313253,0.02072,0.1940562248995984,0.19332589209079742,0.019775304943323135,0.20453374087810516,1.0
500,2,0.25,True,5.0,4.1484505404580005,18,sbm_dpsgd_all_noised,3.992894984902444,1.0338953100711687,11.0,6.0,5.0,1e-05,54.756,0.21436283793314254,100,28,1.0,0.18773695764410614,500,1.0,1,0,0.2,0.02,0.2,0.204144578313253,0.02072,0.1940562248995984,0.22250601649284363,0.012437298893928528,0.21506112813949585,1.0
500,2,0.25,True,10.0,1.9945956405993723,18,edge_flip_vem,,,380,,,1e-05,54.756,0.21436283793314254,100,28,1.0,0.18773695764410614,500,1.0,1,0,0.2,0.02,0.2,0.204144578313253,0.02072,0.1940562248995984,0.19540613889694214,0.02157188020646572,0.20385593175888062,1.0
500,2,0.25,True,10.0,1.9945956405993723,18,edge_flip_spectral,,,,,,1e-05,54.756,0.21436283793314254,100,28,1.0,0.18773695764410614,500,1.0,1,0,0.2,0.02,0.2,0.204144578313253,0.02072,0.1940562248995984,0.19540613889694214,0.02157188020646572,0.20385593175888062,1.0
500,2,0.25,True,10.0,1.9945956405993723,18,sbm_dpsgd_all_noised,1.9223734183771504,0.5431122541136532,11.0,6.0,5.0,1e-05,54.756,0.21436283793314254,100,28,1.0,0.18773695764410614,500,1.0,1,0,0.2,0.02,0.2,0.204144578313253,0.02072,0.1940562248995984,0.2151739001274109,0.01671607978641987,0.21105530858039856,0.9475719741127369
500,2,0.25,True,20.0,0.977390412892278,18,edge_flip_vem,,,608,,,1e-05,54.756,0.21436283793314254,100,28,1.0,0.18773695764410614,500,1.0,1,0,0.2,0.02,0.2,0.204144578313253,0.02072,0.1940562248995984,0.32391557097435,0.19064104557037354,0.0922914445400238,4.90553848861934e-05
500,2,0.25,True,20.0,0.977390412892278,18,edge_flip_spectral,,,,,,1e-05,54.756,0.21436283793314254,100,28,1.0,0.18773695764410614,500,1.0,1,0,0.2,0.02,0.2,0.204144578313253,0.02072,0.1940562248995984,0.18567553162574768,0.0242582056671381,0.20870637893676758,0.659495444935871
500,2,0.25,True,20.0,0.977390412892278,18,sbm_dpsgd_all_noised,0.9419985000802904,0.40561225411365304,11.0,6.0,5.0,1e-05,54.756,0.21436283793314254,100,28,1.0,0.18773695764410614,500,1.0,1,0,0.2,0.02,0.2,0.204144578313253,0.02072,0.1940562248995984,0.19528430700302124,0.06134112924337387,0.18096508085727692,0.5983196086553123
500,2,0.25,True,1.0,27.43885139089614,19,edge_flip_vem,,,242,,,1e-05,54.868,0.2174780314938871,99,28,1.0,0.18553335899487794,500,1.0,1,0,0.2,0.02,0.2,0.20253815261044178,0.020688,0.1966265060240964,0.19662649929523468,0.020687999203801155,0.2025381475687027,1.0
500,2,0.25,True,1.0,27.43885139089614,19,edge_flip_spectral,,,,,,1e-05,54.868,0.2174780314938871,99,28,1.0,0.18553335899487794,500,1.0,1,0,0.2,0.02,0.2,0.20253815261044178,0.020688,0.1966265060240964,0.2025381475687027,0.020687999203801155,0.19662649929523468,1.0
500,2,0.25,True,1.0,27.43885139089614,19,sbm_dpsgd_all_noised,26.32774027978503,5.635918426327381,11.0,6.0,5.0,1e-05,54.868,0.2174780314938871,99,28,1.0,0.18553335899487794,500,1.0,1,0,0.2,0.02,0.2,0.20253815261044178,0.020688,0.1966265060240964,0.21586602926254272,0.013119097799062729,0.21910974383354187,1.0
500,2,0.25,True,2.0,11.728684954707337,19,edge_flip_vem,,,191,,,1e-05,54.868,0.2174780314938871,99,28,1.0,0.18553335899487794,500,1.0,1,0,0.2,0.02,0.2,0.20253815261044178,0.020688,0.1966265060240964,0.19665373861789703,0.020696274936199188,0.20259761810302734,1.0
500,2,0.25,True,2.0,11.728684954707337,19,edge_flip_spectral,,,,,,1e-05,54.868,0.2174780314938871,99,28,1.0,0.18553335899487794,500,1.0,1,0,0.2,0.02,0.2,0.20253815261044178,0.020688,0.1966265060240964,0.20259761810302734,0.020696274936199188,0.19665373861789703,1.0
500,2,0.25,True,2.0,11.728684954707337,19,sbm_dpsgd_all_noised,11.245049229064149,2.668102829441137,11.0,6.0,5.0,1e-05,54.868,0.2174780314938871,99,28,1.0,0.18553335899487794,500,1.0,1,0,0.2,0.02,0.2,0.20253815261044178,0.020688,0.1966265060240964,0.2153780311346054,0.013019287027418613,0.21997128427028656,1.0
500,2,0.25,True,5.0,4.1484505404580005,19,edge_flip_vem,,,214,,,1e-05,54.868,0.2174780314938871,99,28,1.0,0.18553335899487794,500,1.0,1,0,0.2,0.02,0.2,0.20253815261044178,0.020688,0.1966265060240964,0.1971723735332489,0.020485378801822662,0.20244470238685608,1.0
500,2,0.25,True,5.0,4.1484505404580005,19,edge_flip_spectral,,,,,,1e-05,54.868,0.2174780314938871,99,28,1.0,0.18553335899487794,500,1.0,1,0,0.2,0.02,0.2,0.20253815261044178,0.020688,0.1966265060240964,0.20244470238685608,0.020485378801822662,0.1971723735332489,1.0
500,2,0.25,True,5.0,4.1484505404580005,19,sbm_dpsgd_all_noised,3.992894984902444,1.0338953100711687,11.0,6.0,5.0,1e-05,54.868,0.2174780314938871,99,28,1.0,0.18553335899487794,500,1.0,1,0,0.2,0.02,0.2,0.20253815261044178,0.020688,0.1966265060240964,0.1958581805229187,0.030921878293156624,0.20937128365039825,0.8157394066603453
500,2,0.25,True,10.0,1.9945956405993723,19,edge_flip_vem,,,564,,,1e-05,54.868,0.2174780314938871,99,28,1.0,0.18553335899487794,500,1.0,1,0,0.2,0.02,0.2,0.20253815261044178,0.020688,0.1966265060240964,0.21177254617214203,0.13872189819812775,0.08572547137737274,0.00016767031780614213
500,2,0.25,True,10.0,1.9945956405993723,19,edge_flip_spectral,,,,,,1e-05,54.868,0.2174780314938871,99,28,1.0,0.18553335899487794,500,1.0,1,0,0.2,0.02,0.2,0.20253815261044178,0.020688,0.1966265060240964,0.2008562535047531,0.02239243872463703,0.1978565901517868,1.0
500,2,0.25,True,10.0,1.9945956405993723,19,sbm_dpsgd_all_noised,1.9223734183771504,0.5431122541136532,11.0,6.0,5.0,1e-05,54.868,0.2174780314938871,99,28,1.0,0.18553335899487794,500,1.0,1,0,0.2,0.02,0.2,0.20253815261044178,0.020688,0.1966265060240964,0.1839308887720108,0.06251605600118637,0.19263355433940887,0.5393511882461968
500,2,0.25,True,20.0,0.977390412892278,19,edge_flip_vem,,,751,,,1e-05,54.868,0.2174780314938871,99,28,1.0,0.18553335899487794,500,1.0,1,0,0.2,0.02,0.2,0.20253815261044178,0.020688,0.1966265060240964,0.101356640458107,0.20740097761154175,0.328652024269104,0.012014303433154004
500,2,0.25,True,20.0,0.977390412892278,19,edge_flip_spectral,,,,,,1e-05,54.868,0.2174780314938871,99,28,1.0,0.18553335899487794,500,1.0,1,0,0.2,0.02,0.2,0.20253815261044178,0.020688,0.1966265060240964,0.20422214269638062,0.025539152324199677,0.20660798251628876,0.7568499474306764
500,2,0.25,True,20.0,0.977390412892278,19,sbm_dpsgd_all_noised,0.9419985000802904,0.40561225411365304,11.0,6.0,5.0,1e-05,54.868,0.2174780314938871,99,28,1.0,0.18553335899487794,500,1.0,1,0,0.2,0.02,0.2,0.20253815261044178,0.020688,0.1966265060240964,0.16107474267482758,0.12718601524829865,0.16440407931804657,0.011852086316862142
